Filename,Cohort,I plan tasks carefully,I do things without thinking,I make up my mind quickly,I am happy-go-lucky,I don't pay attention,I have racing thoughts,I plan trips well ahead of time,I am self-controlled,I concentrate easily,I save regularly,I squirm at plays or lectures,I am a careful thinker,I plan for job security,I say things without thinking,I like to think about complex problems,I change jobs,I act on impulse,I get easily bored when solving thought problems,I act on the spur of the moment,I am a steady thinker,I change residences,I buy things on impulse,I can only think about one thing at a time,I change hobbies,I spend or charge more than I earn,I often have extraneous thoughts when thinking,I am interested in the present rather than the future,I am restless at the theater or lectures,I like puzzles,I am future-oriented
ms_00_0002,0.0,0.48156706733552634,0.5348339281085527,0.5070748269572368,0.510670094111842,0.4595745436842106,0.49476448945723683,0.5374182558059211,0.5015787378618421,0.44081493,0.48423108024671047,0.5474684195065789,0.5208941135197369,0.5405405855427631,0.50009189875,0.5578685625657895,0.5078595724506578,0.5115044164967105,0.5267889043914473,0.46959363968749995,0.529331757993421,0.473597421694079,0.5140738212828948,0.5406980683223684,0.5436964444078948,0.54178886125,0.5348443584703947,0.540897355625,0.5572870631414474,0.4779628087335526,0.5112721012993421
ms_00_0003,0.0,0.46243736293193716,0.5389689067015707,0.5062548837172774,0.5151963645549738,0.46386744916230366,0.48436691418848166,0.5383899812041885,0.4887642002617801,0.4141626129319371,0.4592022229319372,0.5526350067539267,0.513845885183246,0.5353095665445027,0.5085811581675392,0.5651044438743456,0.49311968455497385,0.4977334123036649,0.5303954215183245,0.4764647940837696,0.5175791149214659,0.45713208146596856,0.5108126638219895,0.5612416020942409,0.5333084729319372,0.5347901107329843,0.5374512058115183,0.5492548892146597,0.5537541586387434,0.46583992486910997,0.49615746811518324
ms_00_0005,0.0,0.49781104523648645,0.5636841370608108,0.5288754004054054,0.5316355801689189,0.49400233375,0.5097816838175676,0.553103964222973,0.5267504722297297,0.46239352939189193,0.4978242719256757,0.5719621416891892,0.5420374341216216,0.5567004628716216,0.5319454852364865,0.5759048804391892,0.5283649747635135,0.5319851553716216,0.5387452505405406,0.4862885811486487,0.5472541212837837,0.5020877641554055,0.5320664500337837,0.5621792319932433,0.5653286626689189,0.5480291216554054,0.5423547052027027,0.5524819012162162,0.5741589230743243,0.5107042389189189,0.5292378297972973
ms_00_0006,0.0,0.4745849128571428,0.5350728346218487,0.5173491689285714,0.5255425285084033,0.47334356731092436,0.5019647101050421,0.5336341411554621,0.5018353592857143,0.44837713380252103,0.48453640226890754,0.5448016028781513,0.5142653239915966,0.5398535433613445,0.5121919068907563,0.5550843899579831,0.5103864638025211,0.5120488900420168,0.5158291490546218,0.4700081330672269,0.520018407394958,0.4813637793487395,0.5100344701260504,0.5419386856722689,0.5450589883193278,0.521197995315126,0.5188851422478992,0.537945796302521,0.5503985453361345,0.4977353640756303,0.5142262721008404
ms_00_0007,0.0,0.4804759328458498,0.5415659812648221,0.5190774652173913,0.5197733561264821,0.4709669718181818,0.4896017530039526,0.5463142037549407,0.5056173460474308,0.43932334656126487,0.4799023138735178,0.5471987492094862,0.529044347944664,0.5354613138735178,0.509444981660079,0.5606297707114625,0.5092675015019763,0.5129977920158103,0.5272958671541502,0.4819504139130435,0.5329650765612648,0.4770093596837945,0.5062443259288537,0.564455074229249,0.5436075859683795,0.5357538335573122,0.5339423493675889,0.5530021094071147,0.5521012336363637,0.4825152944664032,0.5187124356126482
ms_00_0008,0.0,0.48857362632352935,0.5456297688970588,0.5277245230882354,0.5209959066911765,0.4675372252205882,0.5010732993382353,0.5514337845588235,0.5086665099264706,0.44344175625,0.48271881286764706,0.5589298955882352,0.5440576183823529,0.5605857305882354,0.5090545381617647,0.5766166255147058,0.50692461125,0.5128454683823529,0.549735454632353,0.4799475805147059,0.5511234033088236,0.47766215639705883,0.5171461245588235,0.5755122079411764,0.551480503014706,0.5490385223529411,0.5512564679411766,0.567301468235294,0.5803185335294118,0.4786151272058823,0.5241268947058824
ms_00_0009,0.0,0.47043685953296704,0.5266298843131868,0.5045153576098902,0.5220630250274725,0.4366227514560439,0.4847290566758242,0.5380676160164835,0.49613616134615385,0.42235144112637363,0.47640107228021983,0.5389040530769231,0.5184485099450549,0.539346381978022,0.4928705711538462,0.5606448878296703,0.49485373285714285,0.5063375940934066,0.5196971177472527,0.48447465277472523,0.5259769433516484,0.46763451115384613,0.4987262768956044,0.5638034326098901,0.5390993247802198,0.5293652069505494,0.5279150499725275,0.5663021140384615,0.5537148540934066,0.4607115356868132,0.5220381051923078
ms_00_0010,0.0,0.4821873273563218,0.5446413821072797,0.5251257225670498,0.5264505978160919,0.4587181588505747,0.49077124498084296,0.5526691152107279,0.521197115210728,0.43405112632183906,0.47356021455938696,0.550583660651341,0.5439719570498084,0.5467452963984675,0.5071065313409961,0.583414972605364,0.4969236116858237,0.5163458594636015,0.5407672780842911,0.4998851623754789,0.5490900077394636,0.47444161421455944,0.5028285309195403,0.5835548193103449,0.5436107273946361,0.5399539404980843,0.5540857440613027,0.5780325655555556,0.563539514980843,0.47163100697318006,0.5330000380842912
ms_00_0011,0.0,0.489821076723301,0.5475776065048544,0.5150967546359223,0.5176955930339806,0.45889933558252427,0.5025484451699029,0.5485337637621359,0.5084539500242719,0.4463415839563107,0.488027025315534,0.5504420656067961,0.5408439467961166,0.5562995936893204,0.5080205586893204,0.5900039836165049,0.5101577969174758,0.5254449516019418,0.5533421538592233,0.4867594820873787,0.5489762940291262,0.4804259495873786,0.5199093700970874,0.5629681072330097,0.5563106052427185,0.5442658260922331,0.5565253167718447,0.5682975214805825,0.5618841863106796,0.48858337092233006,0.5344867652184466
ms_00_0012,0.0,0.49021216037735854,0.5544483676226415,0.5103036209056604,0.5198726016981132,0.46349941033962266,0.4931279210566038,0.5544253314716981,0.5157359810188679,0.4358354392075472,0.48560206101886794,0.5623891093584905,0.5437940578113207,0.5571087804528302,0.5108610587924528,0.588908554981132,0.5184154695849057,0.5127884781132075,0.5506960647924528,0.4744018821509434,0.5474082042264151,0.4774938420754717,0.5267815215471698,0.5679630463396227,0.563652668037736,0.5628554531698113,0.5497848274339623,0.5655225969433962,0.5799701085660377,0.4906647872075472,0.5274476507169812
ms_00_0013,0.0,0.49831059018292684,0.549696525945122,0.5075166681402439,0.5058898657317072,0.4499122692682927,0.496221936402439,0.5413968868292682,0.518032696707317,0.4428893511585366,0.4938848849695122,0.5498251972865854,0.535877423292683,0.5463445192682926,0.512917161707317,0.5798997478353659,0.5199485910060976,0.5263935710670732,0.5545361269512196,0.4741204004878049,0.538681542652439,0.48896750457317073,0.526676476097561,0.5578322762195121,0.5603110359146342,0.5559123641158537,0.5515081631097561,0.5669092485365853,0.5694761068597561,0.4779109337195122,0.5261169314939024
ms_00_0014,0.0,0.4824356215577889,0.5351624343718593,0.5045714235678392,0.5125566121105527,0.43873705487437187,0.4747196851256281,0.5575406828140703,0.5138713231658292,0.41439332286432157,0.4632413289447236,0.5517650555778895,0.5552724406532663,0.5478435029145728,0.48838832613065325,0.5909075608040202,0.48368198201005025,0.505392573718593,0.5571784101005025,0.4953762943718593,0.5539603732663316,0.4551890254271357,0.5066200163316583,0.5733261487437186,0.5461870845226131,0.5521315163316584,0.5715080465326633,0.5885443570351759,0.5687396963819096,0.4566766009045226,0.5386721719095477
ms_00_0015,0.0,0.46846897824,0.54689774496,0.51626645456,0.49747561424000003,0.45278151479999995,0.47758092376,0.5393368796,0.5021710588,0.40292087112,0.44471395536,0.55289734776,0.5389139308,0.53428145352,0.50833143408,0.59494474696,0.48358140544,0.50295985184,0.56454776936,0.48757647911999996,0.5398974716,0.45738280016,0.5034878848000001,0.5862292958399999,0.5373380112,0.54407084592,0.57755061216,0.5862944721600001,0.56955384848,0.44944848328,0.51487239616
ms_00_0017,0.0,0.48474645240437164,0.5448367770491803,0.5305420309289617,0.5206771913114754,0.4909394815846994,0.5030181032786886,0.5447197140983606,0.5140961880327869,0.4574442030601093,0.4828734684699454,0.5707955391803279,0.5254343553551912,0.5535155687978143,0.5208535590163934,0.5662618336065574,0.5191972949726775,0.5201488810928961,0.5332093355737705,0.4790383128961748,0.5310200731693989,0.49173771207650274,0.5155474140983607,0.5552944244808744,0.5558828872677596,0.5344667920765027,0.535129793989071,0.5481747122404371,0.5681558133879782,0.5045355892896175,0.5223967250273224
ms_00_0020,0.0,0.4889019517866667,0.5531630774933334,0.5178591865866666,0.5272200083733334,0.47650240917333336,0.5011234604266667,0.5537612270666666,0.5160141460266666,0.4439470191466667,0.49039747688,0.5671736948533334,0.5363203879466666,0.54904436752,0.518088792,0.5818067780266667,0.5193285617066666,0.5204758620266667,0.536957958,0.48600342826666665,0.5407609417333333,0.4878115405866667,0.5203931964533333,0.5707980780533334,0.5580247916533334,0.5425144762133334,0.5409646058400001,0.55898598144,0.5715363692000001,0.49157182293333335,0.5242543490133333
ms_00_0021,0.0,0.5012516594628099,0.5585778390909091,0.5248253447107438,0.5291129292561983,0.4822483733057851,0.5132975369008265,0.5560385340495868,0.519501618677686,0.46136755954545455,0.5066193593388431,0.5706159830991736,0.5417734616528925,0.5732812625206613,0.526611478016529,0.5811253768181819,0.5319640725619835,0.5286252414876034,0.54110437553719,0.4782569213636364,0.5547460103305786,0.49861331243801654,0.5342520426033057,0.566878992892562,0.5673359573140495,0.5535460996694216,0.5421228819834711,0.5618280694628099,0.5776486313223141,0.5046808789669421,0.5358011811157025
ms_00_0022,0.0,0.4830566266666667,0.5502201575257731,0.5206744254639176,0.5318189028865979,0.47323054312714774,0.49608649910652924,0.5654602861168384,0.5160849409621994,0.4327281029896907,0.47401701103092786,0.5686876753264605,0.5452480271477663,0.5633506516494845,0.5093705977319588,0.5907084025773196,0.5066319116494846,0.5101010577663231,0.5380638253608248,0.4971494126460481,0.5508888969415807,0.47311299927835054,0.5108011807216495,0.589961925395189,0.5482531148797251,0.5440638813058419,0.5606016291065292,0.5735209695876289,0.5733059473883162,0.47243786391752585,0.5311144900343643
ms_00_0023,0.0,0.4870170765822785,0.5385096875,0.5178156208860759,0.5139488854113924,0.447582302278481,0.4909594629113924,0.5578544843670886,0.5114118560759494,0.4338221112974684,0.4672200855063291,0.5493979319936709,0.5482964976898734,0.5584824042088607,0.49593171367088607,0.586624095221519,0.4927885930379747,0.5124223134177216,0.5568239400316455,0.4910871030063291,0.5533570351898734,0.46827977816455696,0.5106166443354431,0.5663596319303797,0.5483096618037975,0.5436777987658228,0.5672794620253164,0.5724425228481013,0.5707658499683544,0.4689923870253165,0.5345528732594936
ms_00_0024,0.0,0.4746671682116788,0.5377902182116788,0.5114947761313868,0.5186588408029197,0.4497156312408759,0.4798392518613139,0.5484334808029198,0.5055735127372263,0.41168352467153285,0.45707131354014596,0.5538313698540146,0.5359544697445255,0.5429752864233577,0.4982290475547445,0.5747105492335767,0.4851239468613139,0.5084577702919708,0.5428482679927007,0.4997934417153285,0.5385293535766423,0.45797124843065695,0.5047651281386861,0.5713257172992701,0.5392723362408759,0.5344968838321168,0.5579958776277373,0.5688656708394161,0.5595248274452554,0.45319059138686135,0.5244082402919708
ms_00_0025,0.0,0.48669572863813226,0.5459938108171206,0.5189257750194552,0.5145430397276265,0.45530012540856035,0.48486354431906614,0.5589885655642024,0.514987750466926,0.43142265645914396,0.46706228630350194,0.5599142390272372,0.5464331928015564,0.5584281626848249,0.4994587106614787,0.5872052305836576,0.4987416226070039,0.514636290544747,0.5613742069649805,0.4967686306614786,0.5522635377821012,0.47265812268482493,0.5136294275486382,0.5848958151361868,0.5470195349805448,0.5608410605836576,0.5735986274319066,0.5823415922178988,0.5773792325291829,0.4549466912840467,0.5333240255642023
ms_00_0026,0.0,0.43663923384615383,0.4867863761538462,0.48825220807692304,0.49985792500000004,0.40806131615384617,0.44091184961538465,0.5186071976923077,0.48882459961538466,0.37367295384615384,0.4179214046153846,0.5124296192307692,0.5177372626923077,0.5026137588461539,0.45303896730769233,0.5663347965384615,0.43030946884615384,0.4681263953846154,0.5132559042307693,0.5107520423076923,0.5091245992307692,0.41162105769230767,0.4446936623076923,0.5688198842307692,0.4972367715384616,0.5161203692307692,0.5498960603846154,0.5810095469230769,0.5232396815384616,0.4159859830769231,0.5066229011538461
ms_00_0027,0.0,0.48831973114285715,0.5488041862857143,0.5224870321428572,0.5151153030714285,0.4541823270714286,0.4940459316428572,0.5529363586428572,0.5105336178571428,0.43657091042857143,0.4698524246428571,0.5540236375714286,0.5420989767142858,0.557035,0.5079440883571428,0.5929116411428571,0.5011036662142857,0.5157105819285714,0.5663753322857144,0.4887418322142857,0.5481218285714285,0.4761108095,0.5140011382857144,0.5807281382857143,0.5506083023571429,0.5498136612142857,0.5752092075,0.5833723085714286,0.5686470057142857,0.46299216014285716,0.5361999267857143
ms_00_0029,0.0,0.4789676026229508,0.5434313861202186,0.5171634936065574,0.5319202269398907,0.46742199371584703,0.48141117928961746,0.5599575276502733,0.5197629326775957,0.4222902016393443,0.4648005403278689,0.5581304949726776,0.5499389132786885,0.5501004650273223,0.5059813892349727,0.5827858906557377,0.49848271240437153,0.5091270421311476,0.5425796110382514,0.4995821228415301,0.5480686909289617,0.4686984375409836,0.5100574596174863,0.5798746067213114,0.5489696953005464,0.5465957188524591,0.5604052132786885,0.5771215736612022,0.55977924284153,0.4631699709289617,0.534389496557377
ms_00_0030,0.0,0.4891264747302905,0.5586553347302905,0.5178197735684648,0.5100896249377593,0.4685202927385892,0.4945433838174274,0.5481278470124481,0.5158388953112033,0.44340572365145225,0.48191819875518677,0.5606151102489626,0.5446018324481328,0.5512891886307053,0.5170629423651452,0.5927997519087137,0.5102245234854772,0.5252779260580912,0.5561026291701244,0.4878039342323651,0.5494172238589212,0.4859194026141079,0.5218320328630706,0.5769811202489626,0.557623931493776,0.5516170509958506,0.5627068447302904,0.5760224095435684,0.5730779328215767,0.4804148956846473,0.5314256193775934
ms_00_0031,0.0,0.4811456122727273,0.5460633388429752,0.5163453654545455,0.5223968453719008,0.465983637768595,0.48789891471074376,0.5450320880991735,0.5181501017355372,0.43104529636363637,0.4744324302479339,0.5560287448347108,0.5463102952892561,0.5459760683884297,0.5082633004132231,0.5830079133057852,0.5006218944628099,0.5158080882231405,0.547443336446281,0.4974621719008264,0.5483346101652892,0.4728798689669421,0.5093761141735538,0.5753712414876033,0.5489191695454545,0.5474426925619834,0.5552568840495868,0.5695174333471075,0.5576319940082645,0.47445393512396694,0.5317312795454545
ms_00_0032,0.0,0.4974523466349206,0.5513125323809523,0.5181339322857142,0.5264459530476191,0.4700109639365079,0.504598932,0.5436738155238094,0.5205954857460318,0.4558362780634921,0.5011613048253968,0.5562808245396825,0.5342295740317461,0.5593371820952381,0.5165277813333333,0.5690015008253968,0.5261726734285714,0.5241679361587301,0.5350266911111111,0.48019852939682534,0.5444494667619048,0.49718343879365084,0.5225711661904762,0.5608641463174603,0.5605820277142858,0.5500234752063492,0.542177284095238,0.5569162763492063,0.5671876122857143,0.48425762326984123,0.530557249015873
ms_00_0033,0.0,0.5053468636021505,0.5619064232258065,0.5271186323655914,0.5236217367204301,0.4650745585483871,0.4923469806451613,0.5637113124193548,0.5207430512365592,0.4431159696236559,0.49539977720430106,0.5644083706451613,0.5585561057526881,0.5651886691397849,0.5189270732795699,0.5884369630645161,0.5161924231720431,0.525739730107527,0.5624920900537634,0.49940533489247313,0.5613002288172043,0.48919961069892476,0.5325390873655914,0.5899804722580645,0.5639750510215054,0.5668691569354839,0.566311150967742,0.5859006458602151,0.578148565,0.47229557543010753,0.5392205888172042
ms_00_0035,0.0,0.47152029311224486,0.5365150445918367,0.5054703598469388,0.49856314,0.44140231025510207,0.4759010417857143,0.5366661907653062,0.49484459658163266,0.4190648120408163,0.4670250296428571,0.5432582207653062,0.5252167540816327,0.5328689745918367,0.4961538055102041,0.5703180843367347,0.4919706030612245,0.5062670753571429,0.5437784653061225,0.4772174221428571,0.526623,0.4617867484693877,0.5112954054081633,0.5624345503571428,0.5372791376020408,0.5538154522959183,0.5473077379081633,0.5659990069387755,0.5598975856122449,0.4598319967857143,0.5117364565816327
ms_00_0037,0.0,0.48762036481751825,0.5452400031021898,0.5141648597810219,0.5227848175912408,0.4707611539781022,0.5043867241240876,0.5339089548540146,0.5151409496715328,0.4537160264233577,0.4938597584671533,0.5529189674087591,0.5301147591605839,0.5432236323357664,0.5110605331751825,0.5671303175912409,0.5165910190875912,0.5232973080291972,0.5297328122262773,0.47678942394160584,0.5326241543065693,0.4883293413138686,0.514664385510949,0.5499312663503649,0.5544906859124087,0.5373314135036497,0.534751180729927,0.5499536267883212,0.5610545398540147,0.5004783344525547,0.5214324156569342
ms_04_0002,1.0,0.4988371592565055,0.5465950166914498,0.524414855055762,0.5175199420817843,0.46204332048327135,0.4931977326394052,0.5527740375092937,0.521637066802974,0.44756238405204457,0.47929831695167285,0.548110921598513,0.5495838585501859,0.5508882636802974,0.5183247076579927,0.5829238101115242,0.5086151413382899,0.5259039773234201,0.5570112961710036,0.4898935166542751,0.5491784334944237,0.48883639141263935,0.5163486543122676,0.573595603197026,0.5530203095910781,0.5396504048698885,0.5558637934944238,0.5800605984386616,0.564681234126394,0.48293304758364314,0.5375838005947955
ms_04_0003,1.0,0.5136285361392405,0.5679315861392404,0.5454477820253164,0.5192750662341773,0.4912978721518988,0.525724565221519,0.5454640001265822,0.5434716885443038,0.4849837599050633,0.5147087500632911,0.5503865674367089,0.5535808943670886,0.554326298829114,0.5366801304113924,0.5880026730379747,0.5371106848417722,0.5464238023734177,0.5446221482594937,0.489590662278481,0.5567718444620253,0.5201967620253164,0.5232913022151898,0.5708787385443038,0.5680851404113925,0.5479671505063292,0.5536714677531646,0.567358092943038,0.5693720367405063,0.5210951090822785,0.5467874499683544
ms_04_0004,1.0,0.4956133107630522,0.557509393935743,0.5108308122891566,0.5191767546987952,0.465795186064257,0.5019959902008032,0.5526728175903615,0.5078300470682731,0.44194111718875506,0.4965125330120482,0.5715520595983936,0.5454076492771085,0.5488429116867469,0.5199399903212851,0.5930820991967871,0.5170334614056225,0.5197894912048192,0.5618240463453815,0.4694104348594378,0.55050686248996,0.48559436248995985,0.5387492112048193,0.5638373901606426,0.5676519281927711,0.564297333373494,0.5583670846987951,0.5663200419678716,0.5823076471485944,0.5012823574698795,0.5153525240562249
ms_04_0005,1.0,0.47279349265873016,0.548964478531746,0.5171515542857142,0.5101545863492064,0.4662410354761905,0.4859915109920635,0.5401177351190476,0.5092833338888889,0.42202019595238094,0.46594221857142853,0.5572029342460317,0.5333225352380951,0.5380139557539683,0.5185541983730159,0.5772125836507936,0.5014072980555555,0.5129543554365079,0.5433865139682539,0.48829362797619047,0.5349509705555555,0.4716599207142857,0.516575991984127,0.565409514404762,0.5473306108730159,0.538937521468254,0.5503483921031747,0.5619532768650795,0.5636968228174604,0.4720455865079365,0.5187791502380953
ms_04_0006,1.0,0.49889936080769237,0.5624575847692307,0.5332106980769231,0.5193660260769231,0.47390875692307693,0.5119642663076923,0.5496454372692308,0.5249476184230769,0.4588999572692308,0.4947559019615384,0.5593666019615385,0.5466421136153846,0.5531423831538461,0.5286657282307692,0.5863591502307692,0.5237969992307693,0.5377872794230769,0.5480833869230769,0.48806912873076924,0.5544250108076924,0.5003134920000001,0.5267175562307692,0.5721898576153847,0.5640639694615385,0.5416657811923077,0.5560149935,0.5674383350384615,0.5757509760384615,0.49673362015384614,0.5345575032307692
ms_04_0007,2.0,0.48722953519230766,0.5478963806868131,0.5242234259615385,0.5175313615934066,0.4680011304945055,0.4992624515934066,0.547050998489011,0.5123364257417582,0.44738415337912085,0.48085064030219776,0.5575476048626373,0.5359963043681318,0.5571718075824176,0.5121707949725275,0.5765059507692307,0.5132043817307692,0.5166242187637363,0.5467267438736264,0.4799641679945055,0.54091179,0.4833389959065934,0.5184936700549451,0.5643516961538462,0.5570249318681318,0.5470403737637363,0.5497635940659341,0.5649406888186813,0.5716475368406594,0.48944847736263736,0.5345221177472527
ms_04_0008,1.0,0.4889704935971223,0.5553675373741007,0.5305749085611511,0.5223760417625899,0.496620981438849,0.5021996246043166,0.5692234485251798,0.5188318111151079,0.44849379395683453,0.47987843424460436,0.5811570899640288,0.5429975650000001,0.5567412498201438,0.5207937648920863,0.5856264496043165,0.513153444676259,0.5202435700719424,0.5497193736690648,0.49193583874100716,0.5482688155755395,0.4838746635611511,0.5177569490647482,0.5765811105035972,0.5555956964028776,0.550936595179856,0.5641727250359713,0.5648850197482015,0.5822608525899281,0.491112806294964,0.5243086253597122
ms_04_0010,1.0,0.48880414507936504,0.5707707472222222,0.5322588642857143,0.5191038359920634,0.4965732023015873,0.5089946457142858,0.5425390032142857,0.5222641246031746,0.4464877575396825,0.4821223071031746,0.5694392488492064,0.5379601901190477,0.5339072649206349,0.5443930167857143,0.5905059282936508,0.5221240753174603,0.5314454718650793,0.5537214471825397,0.4876434082539683,0.5406895468650794,0.4963844433730159,0.5225422024603175,0.5759310101190477,0.5591193065873016,0.5438291401587301,0.5623514867460317,0.5670253363888889,0.5695945475,0.4983341463888889,0.5173298467460317
ms_04_0013,1.0,0.4980418468571429,0.5369087014285714,0.5213244365714286,0.505321262,0.47167736771428564,0.5261970485714286,0.5125033788571429,0.5361249342857143,0.4823738831428571,0.5098240528571428,0.5370583122857143,0.5181830417142858,0.5352680171428572,0.5150851240000001,0.5632412711428572,0.5285430431428572,0.5130530551428572,0.5116116657142857,0.46025579257142857,0.5224770202857143,0.5011781782857143,0.500256802,0.5148050517142857,0.5647850417142858,0.5450857237142857,0.5252596668571429,0.5417550534285714,0.5481597191428572,0.5433063511428571,0.5313517974285714
ms_04_0016,1.0,0.5056462892640693,0.5494712135064935,0.5181271604761905,0.5156376464069264,0.4813037043290044,0.5177973321645022,0.5317764152380953,0.5131126123809524,0.4788583593073593,0.5196689667532467,0.5521021218614719,0.52256092,0.557034285021645,0.5262149673160174,0.5651229902164503,0.5404069331168831,0.5322632627272728,0.5315775781385281,0.45772743389610393,0.5325848684415584,0.5068649768398269,0.5253044607792208,0.5363682188744588,0.5649338058008657,0.5421968092640693,0.5173793259740259,0.5376955290909091,0.5606751584415585,0.5290216268398269,0.5247540987878788
ms_04_0017,1.0,0.5109975080201342,0.5665388526845637,0.528753347852349,0.5308356118456375,0.4795675422147651,0.5193245821140939,0.5551126697315436,0.5308643725503356,0.4717872570469798,0.5133313833892618,0.5560821077181208,0.5477425651677852,0.5792979762751678,0.5310297943959731,0.5805522068120805,0.5420022395637584,0.5422748969463087,0.5386455889597315,0.48562199093959735,0.5607270080201343,0.5079077729194631,0.5381061258389261,0.5654144424832215,0.5731802383221476,0.5577523878523489,0.5426894139597315,0.560222021409396,0.573383747818792,0.5082685486577181,0.5465179645973154
ms_04_0019,1.0,0.47970177913533835,0.5506220271428572,0.5145705287406016,0.5196107626127819,0.4765836462218045,0.494620212387218,0.5383895351691729,0.5111021202631579,0.4366028009586466,0.4810163916729323,0.5638713188345865,0.5227479137218045,0.5458956537406016,0.5190958352631578,0.5702017899060151,0.5167382182706767,0.518857759906015,0.5322644858270676,0.48361976584586464,0.5284906478759398,0.48723452291353386,0.5171873989661654,0.5642653179887218,0.5530658284398496,0.5385476127067669,0.5385988489097745,0.5533217899999999,0.5666986259586466,0.48008903031954886,0.5197586711466166
ms_04_0020,1.0,0.486627066918239,0.5461080463522012,0.5162429790880503,0.5181162378301887,0.47004208339622644,0.49622620786163524,0.5515282657861635,0.5107975293710691,0.4426362613207547,0.47747063166666665,0.5560796269182391,0.5386132122955974,0.5530119951886793,0.5119220544968553,0.5812738355345911,0.5077320718553459,0.5155258016037736,0.544425658490566,0.48346121176100626,0.5441387976415094,0.47843680698113206,0.5131661319496855,0.5647651810062893,0.5492734324842767,0.5434409717924529,0.5504332192767295,0.5606626544339623,0.5622388783647799,0.4843566428616352,0.5239214846855346
ms_04_0021,2.0,0.4922825745876289,0.5608549474742268,0.5207084635051547,0.5202114653092784,0.45718400283505156,0.4946434417525773,0.5488009907216496,0.5281762757731959,0.434793417113402,0.4870403956185567,0.5538393743814434,0.5513445906185567,0.5618423888144329,0.5169512591237113,0.5887875074226804,0.515728366443299,0.5264118962371134,0.5469253075257732,0.4962286848969072,0.5593316372680412,0.4890008526804124,0.5203957486597938,0.5897036486082474,0.5604095714948454,0.5469960844329896,0.5560259753092783,0.5809842160824743,0.5719035921649485,0.46591890902061855,0.5429382934536082
ms_04_0022,1.0,0.4998020137280702,0.5590387475877193,0.5179192686403509,0.5206481648245614,0.4578591879385965,0.49765170842105266,0.54685131,0.521638300614035,0.43855068232456135,0.4931752760087719,0.5527345054385965,0.5496860833333334,0.5500205430263158,0.5192078272368421,0.586355024385965,0.5193654054824561,0.5230105795614035,0.551725200745614,0.48133823355263156,0.5521152490350877,0.4849876790350877,0.5274537864912281,0.5713761137280702,0.5592035033771929,0.5607426199561404,0.5534069944298246,0.5731881058333334,0.5677017725,0.48358557802631574,0.5341412056578947
ms_04_0023,2.0,0.4871454020298508,0.550737364358209,0.5082944857014925,0.5110359870746268,0.4587255553432836,0.48728516701492536,0.544788472716418,0.5055163760895522,0.4351932803582089,0.4778288562686567,0.553660091164179,0.5310707592537314,0.5569890646268656,0.5057337949253732,0.5717587373432836,0.5051899050149253,0.518142630119403,0.5499375116716418,0.4808677215820895,0.5376687976716418,0.47325922059701486,0.5183290986865672,0.5669761531641792,0.543480080477612,0.5514007173432836,0.5546758579104477,0.5578631696119403,0.5640623331641791,0.4607334965074627,0.5215882838208955
ms_04_0024,1.0,0.48711460351063823,0.5616655672695036,0.5306228296453901,0.5188011881914895,0.47872809879432626,0.5021219326950355,0.5478342662411347,0.5345803331914893,0.43794145379432625,0.47658687989361703,0.5663549736524823,0.5550143757092199,0.5414862637943263,0.5254409724822695,0.5981225240780141,0.5096960186170213,0.5257451969503546,0.5591370948936171,0.5001715938652482,0.5550686044326241,0.48773826872340426,0.5152855360992907,0.5866893630496454,0.5588321290070922,0.5539604323404256,0.5769347960992908,0.5842917645035461,0.573584620106383,0.48200109138297875,0.5428745891843971
ms_04_0025,1.0,0.5141970335074627,0.5568393981716417,0.5293884388059702,0.531691341641791,0.477876341119403,0.49421091951492535,0.5454291513432836,0.5472787214552239,0.464276439141791,0.5078111605223881,0.5510008118283581,0.5455912449626865,0.5443896804477611,0.5224394523880598,0.5722411870895522,0.5279321685447762,0.5418172315298507,0.5315672112686567,0.5088275280970149,0.5496443817910448,0.510415544402985,0.5151112029104478,0.583168979738806,0.5518563385820896,0.5487160459328358,0.5422583188432836,0.5775979393283582,0.5557127470522388,0.4808183834328358,0.5531548384701492
ms_04_0026,1.0,0.49023996427983535,0.5632407092181071,0.5202037725514403,0.5162715224279836,0.4808288327983539,0.49486284078189297,0.5588390381893004,0.5225494037860082,0.43728529201646094,0.4801423597942387,0.5763713493004116,0.5462387865843622,0.5469561846090535,0.5275161876131688,0.597165908436214,0.5129552760082304,0.5271524307407407,0.5635657632510288,0.492794607654321,0.5517917162962962,0.48382663728395064,0.5251617274485597,0.5834966572839506,0.558874966255144,0.5555211140329218,0.5695718691769548,0.5737426896707819,0.5806246677366255,0.4832317583950617,0.5273301955144033
ms_04_0027,2.0,0.4823536812307692,0.5506451498974358,0.516749754923077,0.5223449558974359,0.4692542337435897,0.49232853820512823,0.534107312051282,0.52326087,0.4364482651282051,0.4823535873333334,0.5541781002564102,0.5345197585641026,0.5407948286666667,0.5171499924615385,0.570870518,0.5077920119487179,0.5223486485128206,0.540053888102564,0.4931489594871795,0.5380303807692308,0.4848777606153846,0.5076326629743589,0.5743310371282051,0.5435657690769231,0.539041694923077,0.5496584586153845,0.5639401722051283,0.5642445597435898,0.47032503871794873,0.5218924282564102
ms_04_0028,1.0,0.4802453226206897,0.5563332428965517,0.5297053544137931,0.5098759157931034,0.4923401213793103,0.5024241322758621,0.5397632285517242,0.5180999004827587,0.453932340137931,0.48726057820689656,0.5549450923448276,0.5315324233103448,0.5449605211724138,0.5217849351034483,0.5772784177241379,0.5169135931724138,0.5172683314482759,0.5302690973103448,0.46932546262068964,0.5340675657241379,0.486957304,0.518968364,0.5592403033103448,0.5494905444137931,0.5461312407586207,0.5389544886896551,0.5460012230344827,0.557849562137931,0.5103741977931034,0.5206128802758621
ms_04_0029,1.0,0.4824843536571429,0.5386543459714286,0.5143840442285714,0.5102156972857143,0.4603625680571429,0.49358674277142855,0.5367328510571429,0.5059794225714286,0.44192933397142853,0.4792551039142857,0.5571483649142857,0.5328228409714286,0.5470957321428571,0.5079192204857143,0.5706574275714286,0.5061548304857143,0.5150878450571429,0.5438587495714285,0.4750062446857143,0.5343660174857142,0.47932005945714284,0.5158958320571428,0.5499417673142857,0.5568465126285714,0.5398382226571429,0.5459977434857143,0.5557056806571429,0.5637569120857142,0.4917767710571429,0.5228731983428571
ms_04_0030,1.0,0.4949806516751269,0.5658134492893401,0.5421400220304569,0.5415974653299492,0.5021155735025381,0.5069406490355329,0.5701665882741117,0.5400133950761422,0.4515099717258883,0.4870576650761422,0.579863265177665,0.5579014446192894,0.5576467129949239,0.530221763502538,0.5989949019796954,0.5207146487309645,0.5298445925888325,0.5470528468020305,0.5123977646192893,0.5616426471573603,0.49813452142131975,0.5136987417258884,0.6049244552284264,0.5632772195431472,0.552811907461929,0.5672252689340102,0.59014059035533,0.5811662838071066,0.4926640508629442,0.5490891514213198
ms_04_0031,1.0,0.4985025248157895,0.5611303401842105,0.5327621425263158,0.5189125537894737,0.4948608477631579,0.5120041937105263,0.5422303298421053,0.5257265800789473,0.46779243928947367,0.4993829237631579,0.555697979,0.5321459346842105,0.5427988037894736,0.5316072922368421,0.5742872252368421,0.5360290071578947,0.529695363131579,0.5310126223947369,0.47757456139473686,0.5389936825789473,0.5060462805263157,0.5178458665,0.5629357138157894,0.5550780080789474,0.5390482327105263,0.5418266756842105,0.5484849618157894,0.565257178763158,0.5071394895,0.5269662494736842
ms_04_0032,1.0,0.4672005917701149,0.5384166302988506,0.5229167936551724,0.5220897582758621,0.4884123675172414,0.49645604160919543,0.5322225127356323,0.5126252736551724,0.4370430388505747,0.4703239192183908,0.5609262368045977,0.5185248685977012,0.536596202321839,0.5144839475862069,0.5570137872413793,0.5022499238160919,0.5138572969425288,0.517970905908046,0.48954866777011496,0.524018351862069,0.47726293659770114,0.5003790794252874,0.5567878950114943,0.5379366777471264,0.5247837072643678,0.5337253651034483,0.5441571856321838,0.5530196264827586,0.48276306774712646,0.5192318331034483
ms_04_0033,1.0,0.48580229426900584,0.5610022530994152,0.5214896831578947,0.5261208467836258,0.4717934269590643,0.4922106138304093,0.5512877215204679,0.5290458754678362,0.4313001915204678,0.47923218760233915,0.5577510519590644,0.545819157748538,0.5421906965204678,0.518375017748538,0.5889336023976608,0.5086547742982456,0.5271850737134502,0.5433183322222223,0.5059930705263157,0.5532026215789473,0.48591591780701754,0.5131971666666667,0.5955874797368421,0.5512154947076023,0.5471255312573099,0.5615911419005848,0.579004568625731,0.5647362025438597,0.4633726092982456,0.5358260514912281
ms_04_0035,2.0,0.503773327014218,0.5659793518957346,0.5385205472985782,0.5293232769194313,0.5018582658767772,0.5153873095260664,0.5552849622274881,0.5392778032701422,0.46873766350710905,0.5010753441232227,0.5722893192890995,0.547040460900474,0.5602414072037915,0.5337739667772512,0.5776766266824644,0.5319225307582939,0.5362078247867299,0.5355432114691943,0.4967758114691943,0.5554735669668246,0.5089813532701422,0.5281481364454976,0.5734964499526066,0.5625712116587678,0.5488780567772512,0.5517977883412323,0.557680175450237,0.5803206513744076,0.4980899994312796,0.5345971109004739
ms_04_0036,1.0,0.47108969464864864,0.5515739486216217,0.530510841945946,0.5230306934594595,0.49383593275675675,0.5100963844594595,0.5444603313783783,0.5243145871621622,0.4369760357297297,0.47464773567567564,0.5709641893243244,0.5327170635675675,0.538933223945946,0.5191717366216216,0.571825307027027,0.5039435381081081,0.5186735166486487,0.5286356982702702,0.4951748327027027,0.540161726,0.4839005671621622,0.5040312384594595,0.5813764511351351,0.5443486534594595,0.5384499785405406,0.5583206067027027,0.5625571772162162,0.5718485187837837,0.47426541454054055,0.5254074467297297
ms_04_0037,1.0,0.4957516549242424,0.5545355648484849,0.5256629059090909,0.5193054025,0.4551095028787879,0.49228381151515155,0.5654191346969697,0.52972922,0.4335964300757576,0.4777252823484848,0.5625876815909091,0.5608187970454546,0.5560287815909091,0.503795226060606,0.6094448202272726,0.501237745,0.5199315408333334,0.5731903164393939,0.507817734469697,0.5635776176515152,0.478085836969697,0.5113088993939394,0.6014518022727273,0.5570227695454545,0.5625432553787879,0.5848153088636364,0.6117298820454545,0.5804833531060606,0.4651010243181818,0.5511449531060606
ms_04_0038,1.0,0.5214350568874172,0.5722550653311258,0.535813550960265,0.5287405439403974,0.5165387358609272,0.5224815060596026,0.5504649832450331,0.5479912034437086,0.4922564613576159,0.520985616192053,0.564602168807947,0.546249036192053,0.554831936589404,0.5497244826490066,0.5716579167880794,0.5535724089403974,0.5461689059271523,0.5255215122847682,0.4809237043046358,0.5512676607947019,0.5271969226490066,0.5266200404966888,0.5529261444701987,0.5702679714900662,0.5437537343046358,0.531161573576159,0.5426569787417219,0.5657065750662251,0.5333540884768212,0.5437130902980133
ms_04_0039,1.0,0.4883062952688172,0.554939260609319,0.5247307315412186,0.5242732803225806,0.4725311195340502,0.49838781476702504,0.5543824008960574,0.5203551386021505,0.44054254892473116,0.48318885111111104,0.5660411520071684,0.5491370392114695,0.5633517157706093,0.513095486953405,0.5866048088172043,0.5161659295340502,0.520103466344086,0.5491673574551972,0.48799779437275986,0.5542233437634408,0.48361500903225807,0.5241143264516128,0.578062886702509,0.5632101012544802,0.5555555535842294,0.5570117548387097,0.5773227695698925,0.5738499062724015,0.48289614523297486,0.5430480066308243
ms_04_0040,1.0,0.4836286789230769,0.5417189590153846,0.5248880734461538,0.5209766214153847,0.47930612692307695,0.5046954984615385,0.5493012410461539,0.5165069376615384,0.44760944366153843,0.4859622037230769,0.5607691668615384,0.5396251235692308,0.5501607390153846,0.5122820104,0.5714692168,0.5072520148307693,0.5210786735692308,0.5362206563384615,0.48884625827692313,0.5449098591384615,0.4829145508,0.5083853203384615,0.5662276552615385,0.5509986272923076,0.5382072887692307,0.5452327771384615,0.5636575460307692,0.5629598040615384,0.4823485290153846,0.5319636079692308
ms_04_0041,2.0,0.4847018735114504,0.5533079532442747,0.5226549298091603,0.513764810687023,0.5013487713358779,0.511951227480916,0.5226672898091603,0.5222947185877862,0.4623671772519084,0.4965410941221374,0.5587766435877862,0.5141431158778627,0.5301459214503816,0.5360403569465648,0.5542120680152672,0.5318413817557252,0.5288364459160305,0.5120890090839695,0.4722106759160305,0.519389828129771,0.5056667523664122,0.5129553714503816,0.5425320374045802,0.55019284370229,0.5285338922519084,0.5182192583969466,0.526520684389313,0.555274696946565,0.5097158964503816,0.515302870648855
ms_04_0042,2.0,0.48402334687943266,0.5570400035106383,0.5234378264184397,0.5226207325531914,0.48575128769503545,0.4981759178368794,0.5497519138652482,0.5137204270567376,0.4455486924468085,0.4840637032978724,0.5659214837943262,0.5267052921985815,0.5451055943262411,0.523535239680851,0.570194324964539,0.5225749621276596,0.518064975035461,0.530060964964539,0.48326316531914887,0.5353383495035461,0.49126029177304964,0.5180356710638298,0.5721277678368795,0.5526479181205673,0.5375813992198581,0.5448477610992908,0.5508593294326242,0.5679692677659575,0.48133856851063833,0.5193755390070922
ms_04_0043,1.0,0.4863918857079646,0.572878583141593,0.5483478737168141,0.512416222300885,0.4994343671681416,0.5238304758849558,0.5548331011061948,0.5384521354424778,0.4563814154867256,0.4787995669469027,0.56629556039823,0.548006576238938,0.540579584380531,0.5383894779646018,0.6017728092035399,0.5070233157079646,0.5337855032300886,0.559241234380531,0.5041607711061946,0.5563403402654867,0.49725310070796463,0.5111088715929203,0.5988358077876106,0.5468242019911504,0.5473235196460177,0.5910427438495576,0.5833171577876106,0.5778313111946903,0.4819997076106195,0.5311646415929204
ms_04_0044,1.0,0.4906011978532609,0.5618315025543478,0.5375772320923913,0.5137634609239131,0.4793046540217391,0.5129427771467391,0.5407740601358696,0.5389902689402174,0.45222201375000004,0.4839797610869565,0.5538429250815218,0.5454615558423913,0.5293350141576088,0.5277318624456522,0.5847995630978261,0.5054009153532608,0.5411681594293478,0.5561875476086956,0.5044445248641304,0.550481323097826,0.49576595342391305,0.5119124738315217,0.5854167638315217,0.5457078458695652,0.546008029048913,0.5750880712499999,0.5801127238043479,0.5729267417391304,0.47276678027173913,0.5333705748369565
ms_04_0045,2.0,0.49036986948051947,0.5427690181298701,0.5252331459220779,0.5262356792987013,0.47335641633766234,0.49685813405194806,0.547086123922078,0.5155630956623377,0.44880797511688314,0.48742328724675327,0.550344178077922,0.5369794267792208,0.5533249600779221,0.5093998732727273,0.5638519341818182,0.509881122987013,0.5176889351688312,0.5322525957402597,0.49260761597402597,0.5423546724935066,0.4830155918701298,0.5129274680779221,0.5656319497402597,0.5494575958441558,0.5397457886753247,0.538746866,0.5546960117402597,0.5554347332987013,0.48109659981818187,0.5343549896883117
ms_04_0046,1.0,0.4875043636963697,0.5423733105610561,0.5200299666666667,0.5245934903630364,0.4722954172937293,0.4998626505280528,0.5581806249834984,0.5155925160726073,0.44036790844884494,0.4791974358085809,0.5662567842574258,0.5416852102310231,0.5619523323762377,0.505174013531353,0.5792507861716172,0.5024804329042905,0.5140895317821783,0.5474750357755775,0.48970194115511556,0.5474221069966997,0.4766791430363036,0.5174337718151815,0.5704576464356436,0.5548904870627063,0.5446970065346535,0.5604045740594059,0.5645112483168316,0.5670193216831683,0.4790477956435643,0.5360669450165017
ms_04_0047,1.0,0.4813604590793651,0.5559268162222223,0.5201658083809524,0.5288272886666666,0.4786592384761905,0.5051845026031746,0.5515291415873016,0.5056318338095238,0.44075704704761903,0.4832053618730158,0.5706471551428571,0.5323248934920635,0.5526371423809524,0.527700214,0.5809541096825397,0.5182538484126984,0.521504245047619,0.5446769299365078,0.4792492708571428,0.5380796524126984,0.4841210811111111,0.5265255733333334,0.5659795922222223,0.5568209245079365,0.5480695411746032,0.5457854386984127,0.5602097958412698,0.5753571895238095,0.4922606738412698,0.5217076944761905
ms_04_0049,1.0,0.4768582047208122,0.5495914721827411,0.5203811021319797,0.5101950157360406,0.4651373072081218,0.4838930650761421,0.5385641491370559,0.5229549172081218,0.42279812142131984,0.46942129477157357,0.5508841032994923,0.5445056926903553,0.535044246497462,0.5109879953299492,0.5855021730964467,0.4977419004060914,0.5149655507614213,0.5506199673604061,0.4914809739593909,0.54380936,0.47558290375634515,0.5103286476649747,0.5784853595939086,0.5468088368527919,0.5469638347208122,0.5604371331979696,0.5816399089847716,0.5587738202538071,0.4664168060406091,0.5361549899492386
ms_04_0051,1.0,0.4886686338831615,0.5622711853951889,0.5338900536082475,0.521081643814433,0.49300107350515465,0.5107612084879726,0.5583715388659793,0.5289025311683849,0.45243002250859105,0.4852059029209622,0.5682916451546391,0.5463668549828179,0.5516758402749141,0.5240769615463917,0.5851270012027492,0.5135968365635738,0.5260114170103093,0.5420220913402062,0.49402476749140894,0.5541489727147766,0.4905347348797251,0.5134210726116839,0.5854325480756013,0.5499950124398625,0.5436431891752578,0.5624782374226804,0.5623995858419244,0.5797097156357388,0.48506187687285224,0.526687336185567
ms_04_0053,1.0,0.4808348340677966,0.5551744657627119,0.5365615123728813,0.5209211499999999,0.48948857762711867,0.4925918136440678,0.572397157118644,0.5214567113559322,0.43048436059322037,0.461178365,0.5766911838983051,0.5564947283050847,0.5537103091525424,0.5156682988983051,0.5969096283050848,0.4935264913559322,0.5119740274576271,0.5549756422881356,0.5062580650847457,0.555970990762712,0.4684057811016949,0.508898918220339,0.5958618657627118,0.5476190583898305,0.5455159272033898,0.5776923444915254,0.581253299661017,0.5767825038135593,0.475148571440678,0.5302408229661016
ms_04_0054,1.0,0.48622612375,0.5512867926041667,0.5237495393229167,0.5219592742708333,0.46037024098958335,0.4852265208854167,0.5570716263020833,0.5240245266666667,0.42653807213541667,0.4750228538020833,0.5581944295833333,0.5523702360416667,0.5507046609375,0.5018525261458333,0.5952483865104167,0.4997408015625,0.5206133912500001,0.5558824340625,0.5108581651041667,0.5561837024479167,0.47386708078125,0.5113561278645834,0.5968287054166667,0.54941803625,0.5536036609375,0.57332120859375,0.5890976670833333,0.5690200819791666,0.4547447390104167,0.53733134359375
ms_04_0055,1.0,0.48950308994413405,0.5445459712849162,0.5160139774860335,0.5091466741899441,0.4468415736871509,0.4875560297765363,0.558243942849162,0.5070162715642458,0.4290202235195531,0.4747112106145251,0.5630068902234636,0.5508235313966481,0.5528726479888268,0.4985311926256983,0.598341469329609,0.49578927944134077,0.510982590726257,0.5633966263687151,0.4836664730167598,0.5545917159217877,0.4671693992178771,0.5173715775418994,0.5790976669273743,0.5560766397206705,0.5489026330726258,0.5684597245251397,0.5831441277653632,0.5799204016201117,0.4737264594972067,0.5272941453631285
ms_04_0056,1.0,0.48246452391812866,0.5492289432748538,0.5305036279532164,0.5233552232748537,0.48603783491228075,0.5050080594152047,0.5506288803508772,0.5191092520467836,0.44803563105263156,0.47883907099415207,0.5617307017543859,0.5356194692982457,0.5488196870175439,0.5144648570760234,0.5752792223391813,0.5087456860818713,0.5167664122807017,0.5344053904678362,0.48995307040935676,0.5438368074853801,0.4841413129239766,0.5086871307017544,0.5720427425146198,0.54677361625731,0.5341986269005848,0.5489058207017543,0.5601304518128655,0.5751976563157895,0.48753268157894736,0.5227049092397661
ms_04_0057,1.0,0.48864057391719745,0.5657120564012739,0.546072798566879,0.5297338299363057,0.5086535400955414,0.5203261570382166,0.5582600326751592,0.5328435984076433,0.46527212878980895,0.4869848376751592,0.5721198251592357,0.5454844407643312,0.5577253410191083,0.5319049686305732,0.5901292090127389,0.5219897828343949,0.5310547879936306,0.5433863522929936,0.49968347321656054,0.5522576746496816,0.5012972632165605,0.514362437611465,0.5900862152229299,0.5592143281210191,0.539370799299363,0.5610365916560509,0.5645928850955414,0.5704398429617835,0.5002541939490446,0.5394408741401274
ms_04_0058,1.0,0.503626404494382,0.5501974210112359,0.5250699201123595,0.497867976741573,0.45029812786516854,0.5111029268539325,0.5348804950561798,0.5313359686516854,0.46820963426966294,0.4958891484269663,0.5480940269662922,0.5333591384269663,0.5586009058426966,0.5122692623595505,0.5943734368539326,0.5204205715730338,0.5111374780898876,0.5537224266292136,0.4666026204494382,0.536897920224719,0.49194802011235955,0.5142023521348315,0.5460935806741573,0.5746430638202247,0.5598773284269662,0.5532215341573034,0.5739300760674158,0.5653217493258427,0.5223630873033708,0.5445713505617978
ms_04_0061,1.0,0.48196594845425866,0.5493104444794953,0.528702727917981,0.5142440945741326,0.4797630804416404,0.5062608202208202,0.5352338719242903,0.5269976084858045,0.4442104911987382,0.47789990820189276,0.5529113025867508,0.5355956506624605,0.538655779274448,0.5201549014511041,0.5741371852365931,0.5037037802208202,0.5258662964353312,0.5424398494321767,0.49440938318611993,0.5405265363722398,0.4909118406624606,0.5089123556466877,0.5693859924605679,0.5456797450157729,0.5334820296845426,0.5605950282334385,0.5626811506624606,0.5619822698422713,0.47542516996845424,0.5252595541640379
ms_04_0062,1.0,0.4710169077536232,0.5422200225362319,0.5232141240579711,0.5210713746376812,0.48682292094202895,0.4902405945652174,0.5556175760869565,0.514377579057971,0.41926111260869564,0.458126838115942,0.5728099141304348,0.5301047876811594,0.5418525346376811,0.5173369555797102,0.5699230560869565,0.49082625202898555,0.5089701389855072,0.5371622263043478,0.504475419057971,0.5332671256521739,0.4653148930434783,0.4999789289130435,0.5786058678260869,0.5353515728260869,0.5346445361594203,0.5598273561594204,0.5642346148550724,0.5686445613043478,0.4585756563768116,0.5138437688405797
ms_04_0065,1.0,0.4853236965024631,0.5486267290147783,0.5144011540886699,0.5172956743349754,0.4473366041871922,0.48363617467980297,0.5564811766009853,0.5152038118719212,0.4276157889162562,0.4628492019704433,0.5537136791133005,0.5514676136945813,0.5536999745320197,0.5079734565517241,0.5996539416256158,0.4930646636945813,0.5077972954679804,0.5640776007881774,0.48910056906403937,0.5505575701970443,0.4653295932512315,0.5131167505911329,0.5810536483251232,0.5483217012807882,0.5476018204433498,0.569826115270936,0.5840980178817734,0.5666198367487685,0.4709159608374384,0.5359147674384236
ms_04_0066,1.0,0.5094253959813084,0.5795485503271027,0.5365294055140187,0.5104459975700935,0.46934918691588784,0.5097308296261682,0.5541001080373832,0.5535280467289719,0.45468671219626167,0.49458323976635515,0.5550894738317758,0.573622023317757,0.5485153803271028,0.5380000993457944,0.6169790110747663,0.5174060651401869,0.5481535176168224,0.5758122853738318,0.5095755762149533,0.5742217722897196,0.5065275957476635,0.5239814808878505,0.6016045692056075,0.5630097779439253,0.5655589122429907,0.594835423224299,0.6133975624766356,0.5807773936915888,0.4758942888785047,0.5568051541588785
ms_04_0069,1.0,0.49600782403669724,0.5584112336697248,0.5496102968807339,0.5067842213761468,0.5147265471559633,0.5255835034862385,0.5370965897247706,0.5389986148623853,0.4883433035779816,0.49698062412844035,0.5536835988990826,0.5332202578899082,0.5468744265137615,0.5375746144036697,0.5702211299082569,0.5251434995412844,0.5292753035779817,0.5214043156880733,0.4770257486238532,0.5395347602752293,0.5101089283486239,0.5015417524770642,0.5492407775229358,0.5479628580733945,0.5266394799999999,0.5423577218348624,0.5339405141284403,0.5697824204587156,0.5298076717431193,0.5272012825688073
ms_04_0070,2.0,0.4998369404519774,0.5656777318644067,0.5320414510169491,0.5345063783615819,0.49693153593220335,0.5110189853672317,0.5566462903954802,0.5345616776836158,0.45711331949152545,0.4992085054237288,0.574397819661017,0.5492013789265537,0.5647085078531073,0.5351542069491526,0.5853517859887006,0.5292210876271186,0.5370191860451977,0.5392349445762712,0.5034578957062147,0.5552368367231638,0.5045369437853107,0.5224434048022599,0.5839780957627119,0.5654195024858757,0.5406521722033899,0.5516645211299435,0.5665800116384181,0.573478753220339,0.4949815876836158,0.5405632132768361
ms_04_0072,2.0,0.47340701974747473,0.5525124356565656,0.5294681748484849,0.5166893772727272,0.48660986616161617,0.49603763469696965,0.5432194558585859,0.5228860793434343,0.4306145282323232,0.4701369754040404,0.5642501756565657,0.5324230857070708,0.5395037658080808,0.5213415830808081,0.579505365,0.5044750940909091,0.5144187166161616,0.5430558414646465,0.49530560954545455,0.5371162902020201,0.48430658782828284,0.5116503625757576,0.5877846744444445,0.5437160575757576,0.5490573992424242,0.5623791022222222,0.5725790548484849,0.5742489692929293,0.46435119131313135,0.5212518801515151
ms_04_0075,1.0,0.4917377358974359,0.5696124908547009,0.539990914017094,0.5422741531623931,0.4808836558119658,0.49988147,0.5694942394871795,0.5398368038461538,0.4437508325641025,0.4806868128205128,0.5781620647863248,0.5662015170940171,0.5620004099145298,0.5275892017948718,0.6087216967521367,0.505881417948718,0.5348535270940171,0.572868704017094,0.5207608235897436,0.5717851969230769,0.4858573769230769,0.5245023860683761,0.6097072456410256,0.5590722087179487,0.5632516405982906,0.5899420182905983,0.6031128412820512,0.5900164207692308,0.47619155145299147,0.5482256881196581
ms_04_0078,2.0,0.4975726161471862,0.5616807735497835,0.5217138875757577,0.5253075893939394,0.47178048688311686,0.49874030316017315,0.5600607701731601,0.5141469305194805,0.4514022265800866,0.48833992199134196,0.5649647383549783,0.5387884895238095,0.5644459809090908,0.5208887625108225,0.5811080203463204,0.5215734695670996,0.5215199266666667,0.5536971288744589,0.48592043047619043,0.5485806835064935,0.4858477499134199,0.5319404094372294,0.5716309887878788,0.5599204074891775,0.5618777594372294,0.5544415387012986,0.5650215682683982,0.573199386060606,0.48384412675324673,0.5302863513419913
ms_04_0081,2.0,0.49940191796610167,0.5622882780508475,0.5264677900847458,0.5167394172881355,0.49335141949152544,0.5062793826271187,0.5419295513559322,0.5272447486440678,0.4678862744067797,0.49862395084745764,0.5504455672033899,0.5318538054237288,0.5432071989830508,0.5341870297457627,0.5750400159322034,0.5319047018644067,0.5244904947457627,0.5278492800847457,0.4635537580508475,0.5378713229661017,0.4984405663559322,0.5220012863559322,0.5469553106779661,0.5544813005932203,0.5406615214406779,0.5294836222033898,0.5370020809322034,0.5571142513559322,0.5251406146610169,0.526355936101695
ms_04_0082,1.0,0.48115983745762714,0.5340646631355932,0.5217006312711864,0.5123970562711865,0.472786211779661,0.49782044970338984,0.5261300528389831,0.5116324281355932,0.4573875967372882,0.48615425055084743,0.5339702847033898,0.5219432617372881,0.5312078326694915,0.5056285538559322,0.5485227900423728,0.5092713565254238,0.5159173109322034,0.5147008266101695,0.4718834922033898,0.5271469225,0.4844587695762712,0.500784818220339,0.538238454279661,0.5388480657203389,0.5197267258474576,0.5222327413135593,0.5296037692372881,0.5436997517372881,0.49356723559322035,0.5181502212288135
ms_04_0085,1.0,0.517303155480226,0.5762579224293786,0.5499558446327684,0.5269367600564971,0.4960671402259887,0.51081509480226,0.5704897731073446,0.5502143103954802,0.4765454371186441,0.5002571923163842,0.5652562055932203,0.5693566905084746,0.5563774418644067,0.5341504601694915,0.6057507076271187,0.5249591312429378,0.5469650630508475,0.5601974833898304,0.5131625480225989,0.5747769307344632,0.512016713559322,0.520887136158192,0.5989880124293785,0.5593373149717514,0.5556013574011299,0.5747836224858757,0.58808193,0.575324444519774,0.4954381201129943,0.5510470207344633
ms_08_0002,1.0,0.5152141013141026,0.5699993246794872,0.524162465224359,0.5262897463782051,0.4729828111217949,0.5147489069551282,0.5455272190064102,0.541337060673077,0.4687057856089744,0.5155792086217948,0.5534800024679487,0.553123179326923,0.5504443814423077,0.53300654125,0.59166331625,0.5348927843269231,0.5438337757692308,0.5445928915384616,0.4867665421474359,0.5576205859294873,0.5109855747435897,0.5276242364423077,0.5695860783974359,0.5676824063782051,0.5441378166666667,0.5487270499038461,0.5713270857692309,0.5655356854807692,0.5088316219551282,0.5434711134615384
ms_08_0003,1.0,0.5129847358461539,0.569476008,0.5287618763846154,0.5360029088846154,0.479059912,0.5038881113846153,0.5622600228076923,0.5255778616538462,0.45633078615384615,0.513900585923077,0.5706369874230769,0.5487396478846154,0.5780671931153846,0.5246964571538462,0.5862473251538461,0.5507701682307692,0.5319495306153846,0.5607616614615384,0.47891231546153845,0.559831658,0.5059972186153846,0.5484265520384615,0.5832517905769231,0.5770012594230769,0.5862922754230769,0.5499489735384615,0.5765976048461537,0.5831302571923077,0.4892041548846154,0.5451866377692307
ms_08_0005,1.0,0.49391484518672196,0.5627846986307055,0.5192211677593361,0.5247997348962655,0.47303852605809127,0.4889317264315353,0.5556214543568465,0.5210918914107884,0.44214013593360996,0.4852265039834025,0.5622723746887967,0.5450524756846473,0.5513736241493776,0.520089144439834,0.590434332240664,0.5191603121161825,0.5245670755186722,0.5484174340248962,0.48946261618257264,0.55109945813278,0.4844505160165975,0.5275235236514523,0.5810899542323651,0.5546584657261411,0.557799454813278,0.5569108019087137,0.5695625702904564,0.5735458355186722,0.4842450669709544,0.5299120263485477
ms_08_0006,2.0,0.486409693373494,0.5479843830120482,0.5096915126907631,0.5222260049799197,0.4584546615662651,0.5046621291164658,0.5228426846987951,0.526313526746988,0.43613298261044176,0.5038344841767068,0.5411290739357429,0.5365386194779117,0.533050909437751,0.5120611722489959,0.5638692389558232,0.5088443948995984,0.5264351757028113,0.5307893108835341,0.48717587281124497,0.541472144939759,0.48800482875502005,0.5094640140963855,0.554996864497992,0.5520873385943775,0.5409807525301206,0.5411206972289158,0.5603431846586345,0.5449795401606425,0.4803966454216867,0.5312014114056225
ms_08_0007,2.0,0.4847218489090909,0.5562615238787879,0.5134991187878788,0.5149508711515152,0.45139863933333335,0.4840342687878788,0.5367547598787878,0.5228184158787879,0.41303832557575754,0.4774881367272727,0.5598917995757576,0.546694340060606,0.5289306058181819,0.5137512469090909,0.5859763176363636,0.5024132695757576,0.5192654149090908,0.5584287641818182,0.49652297527272726,0.5458852701212121,0.47528170115151513,0.5133909343636364,0.5842921994545455,0.5515796015757576,0.5493618545454545,0.5617732761212121,0.5867997164848485,0.5616922358181818,0.4590285599393939,0.5291683390909091
ms_08_0008,1.0,0.49266088394101876,0.5551305939142092,0.5333409580428955,0.520860520616622,0.5046468315281502,0.5230433035656836,0.5420293467560322,0.5211977698391421,0.47405216584450405,0.5001082159517426,0.5638244748257373,0.5269859471849866,0.5449944512064343,0.5351268285254692,0.5671844255495979,0.5291014215817694,0.5313857965951743,0.5218301781501341,0.4760780073190348,0.5346387533780161,0.5057304262198391,0.5161339712064343,0.5492261854959786,0.5560464549597854,0.527988673538874,0.5341734302680965,0.5395430415549598,0.563678506005362,0.5165112397319035,0.5201046814209116
ms_08_0009,1.0,0.48891783926380367,0.5560363669325153,0.5361672017177914,0.520092195,0.5022082443558282,0.5124169947546012,0.5531572592638037,0.5297616709815951,0.4571359916564417,0.48394838803680984,0.5653159894478528,0.5413309221472392,0.544404366411043,0.5295112975460122,0.5781283343558282,0.5193660704907975,0.5268121842944785,0.5330370341411043,0.4906551133128834,0.546042699018405,0.497780481196319,0.508624141411043,0.5652367646932515,0.553752829202454,0.5346399783742332,0.5526613280368098,0.553542065613497,0.5699333020245398,0.5054967100000001,0.5252758673006135
ms_08_0010,1.0,0.4838197046129032,0.5541502733548387,0.5233712903225807,0.5185389732258064,0.4750832021612903,0.505296483516129,0.551614761967742,0.5174001363225806,0.44550527929032263,0.48591716270967744,0.5644975952903225,0.5428668488064516,0.553220494483871,0.5176326888709677,0.5871259185483871,0.5118552446451613,0.525922353,0.544612196,0.4886837771935484,0.5501052972580645,0.48542609648387103,0.517672720516129,0.5778857487096775,0.5540842978064516,0.546902076516129,0.5581717377096774,0.5665045571935484,0.579795998548387,0.48328447596774193,0.5260003371935483
ms_08_0011,1.0,0.5183514397881356,0.5662647732627119,0.5274696830084745,0.5202093451694916,0.46902353665254237,0.5076632727966102,0.5549453272881355,0.5261907597033898,0.46397650783898303,0.5102319363135593,0.5619404314830508,0.5511392829237288,0.5711262044491525,0.5322388677118643,0.5882090951271186,0.5408369453389831,0.5389461538559321,0.5603997629661017,0.48060440360169493,0.5586700073728813,0.5078825182627118,0.5407250480084745,0.567734145,0.58152142,0.5598820921186441,0.5511437925847458,0.5753564198728813,0.578883812838983,0.5015701011440679,0.5462152041101694
ms_08_0012,1.0,0.4903275470783132,0.5554051090361446,0.5304488294879518,0.5249313438554216,0.48319925469879516,0.5127396739759036,0.5502460721084337,0.5156326086746987,0.45598123978915667,0.4904107856325301,0.5642938311144579,0.5350747146084337,0.5578263555421688,0.5227493647590362,0.5798448542168675,0.5189110235843374,0.5214848311445783,0.5465056562048193,0.47802297605421684,0.5429213993373494,0.488271955873494,0.5245011713253012,0.5629456549999999,0.5587697981626506,0.5437803837650602,0.5498996811445783,0.5546726496385542,0.5689411382228916,0.5023915889156627,0.5251975689156627
ms_08_0015,1.0,0.4791798411450382,0.5332376105343511,0.5072073309160305,0.5104950520229008,0.4464485101908397,0.4878094183587786,0.5280246795801528,0.5093681436641221,0.42517955770992366,0.48430028702290073,0.5390858323282443,0.5217721120610688,0.5343296833587786,0.4944976923282442,0.5615222716412214,0.5012100930152671,0.5135005825954198,0.5355773047328244,0.4825411408015267,0.5256243643129771,0.4711395730534351,0.5131439640458015,0.5564109917175573,0.5384011107251909,0.5516565062213741,0.5359306259160306,0.5614315873282443,0.5501942816793892,0.45951237721374044,0.5221234570992367
ms_08_0016,2.0,0.49544393669014086,0.567974300915493,0.5335145954225352,0.5265722104225352,0.482662508943662,0.5070820548591549,0.5406518647183098,0.5419670432394367,0.44826756683098595,0.4903817019014084,0.5652915440140845,0.5541091197887325,0.5540979694366197,0.5366256037323943,0.591510837112676,0.5203797615492958,0.5313931878169014,0.5514788019014084,0.4940176738028169,0.5612261757042253,0.49845412929577465,0.5230252473239437,0.5788175075352113,0.5597347360563381,0.5524249748591549,0.5662747716901408,0.5756184720422536,0.5760191885211268,0.4936922330985915,0.5431449163380282
ms_08_0017,2.0,0.4828460888888889,0.5550538068253968,0.5226245172751323,0.5172263664550265,0.4807892530687831,0.5027392503439153,0.5494284122222223,0.5257541777513227,0.43313080235449736,0.47518585809523806,0.5667070247883598,0.5403266935978837,0.5483362452645503,0.5205993762169312,0.5858328183333333,0.5089393904232804,0.5171988336507937,0.5459738576190476,0.4916029677248677,0.5441740406084656,0.4823235428571429,0.5151715061640212,0.5785653130952381,0.5510017535449736,0.549214462962963,0.5644519962962963,0.5671810522751323,0.5744125617989418,0.47318991566137564,0.5259137195238095
ms_08_0021,1.0,0.49026344576744185,0.57359447,0.5413736220930233,0.518804629860465,0.48666856572093026,0.5018401982790698,0.5605013493488372,0.5479417940465117,0.4395239152558139,0.4688585113488372,0.5749268344651163,0.561267981627907,0.5443657406511627,0.5319400641860466,0.6122687739999999,0.5029777775348837,0.5320902300465116,0.5868223833953489,0.5098435174418604,0.5652848465581395,0.49029870381395346,0.518498386,0.6058130277209302,0.5530841710697675,0.5661609109767441,0.6080688344651163,0.6025376994883721,0.5903013658604651,0.466219440372093,0.5402813491627907
ms_08_0022,2.0,0.48359501246835446,0.5400669952531646,0.5139990901265823,0.5031986451265823,0.4437440801265823,0.48796209506329113,0.5256998680379746,0.5265465841139241,0.43564007392405063,0.47366086658227846,0.5399137788607595,0.5428284950632912,0.5194822668354431,0.5055831335443038,0.5773161276582279,0.49332030151898737,0.5270238448734177,0.5567174443037974,0.49163101316455693,0.5427544491139241,0.4781519674683545,0.5019647038607594,0.5592714898101266,0.5463213431012659,0.5325479072151899,0.5577371423417722,0.5769119737341772,0.5545661286708862,0.4751941089873418,0.5273381220253164
ms_08_0023,1.0,0.5009697225568183,0.5616854821022726,0.5156828797159091,0.5254153421590909,0.4486250009090909,0.48417725454545457,0.554169556875,0.5375283860795455,0.4178969816477273,0.4834974363636364,0.5610556796022728,0.5662302573295455,0.5517549695454546,0.5127880117613637,0.6050710617045455,0.5047001323863637,0.527459921590909,0.5749007923863636,0.5125610569886363,0.5680873094886363,0.48018040562500003,0.52181168875,0.6026838777272727,0.5611900703409091,0.5599571281818182,0.5822639698295454,0.6030670794886364,0.5717640963068182,0.452430248125,0.5455398018750001
ms_08_0024,2.0,0.4817145359854014,0.5411781072992701,0.5098819791970803,0.516961745839416,0.452316887810219,0.4778358506569343,0.5532009035036497,0.5002548479562043,0.41908373635036494,0.45714259854014594,0.5576874489051096,0.5342451299270073,0.5542446967883211,0.5031770945985402,0.5807794003649634,0.4960853105109489,0.50039364,0.5587300600729928,0.4848455002189781,0.5368597246715329,0.45845326021897814,0.5186848233576642,0.5689081279562044,0.545545096569343,0.55465853270073,0.5608320023357665,0.5723254735766423,0.5692017630656934,0.46574725416058393,0.5190942567153285
ms_08_0027,2.0,0.4917467849358974,0.552194658076923,0.5336073988461538,0.5254056048717949,0.4969211036538462,0.5100844091666666,0.5486642041025641,0.5272566651282051,0.46092043858974363,0.49030300897435897,0.5660504123076924,0.5353307138461538,0.5502804457692309,0.5263326516666667,0.5706312981410256,0.5199421255128205,0.5296591511538461,0.5274893848076924,0.4878122600641026,0.5401084713461538,0.49686013307692306,0.5167524633333334,0.5601090196794872,0.553473104423077,0.5347823563461538,0.5385165562820513,0.547240710576923,0.5703600532692308,0.5087588688461538,0.5274053471153847
ms_08_0029,1.0,0.4720758594505495,0.5531620051648352,0.5133082328021978,0.5166194757142857,0.47407533406593405,0.49133374054945056,0.5245988712087912,0.5185551047252747,0.4288063831318681,0.47359725142857145,0.5498963222527473,0.5270280304945054,0.524645906978022,0.519422941978022,0.5704157086263736,0.5064307034065935,0.5176246656043956,0.5303884913186814,0.48990668895604395,0.5296284578571429,0.4820557748351648,0.5038276100549451,0.5683598164285714,0.5417209207142858,0.5326399401648352,0.547141460054945,0.5578455780219781,0.5529682908791209,0.47276792642857146,0.5139057147802197
ms_08_0032,1.0,0.51150346328125,0.55302495265625,0.52325023078125,0.52857514375,0.4807360971875,0.5203746319531249,0.539467943984375,0.529762230703125,0.478329482265625,0.517320124453125,0.54776439328125,0.53423239015625,0.55310253828125,0.5343601096875,0.55852685703125,0.542578436953125,0.536515277578125,0.520938348359375,0.46880155984375,0.54194923703125,0.51431784671875,0.530214812890625,0.530716072734375,0.57172303359375,0.53645007453125,0.522341061875,0.54472412921875,0.564859498671875,0.524649461484375,0.53509184078125
ms_08_0036,1.0,0.5012558636956521,0.5514334473188406,0.5342897984057972,0.5277346776811594,0.49396976630434786,0.524530083115942,0.5427228610869566,0.5267232591304347,0.4862873268115942,0.5078959146376811,0.5534486170289855,0.5308147886231884,0.5519724898550725,0.5316739707246377,0.5623013818115943,0.5379214476086956,0.5345646003623189,0.5111183206521739,0.46967796884057966,0.5382639855797102,0.5112817241304348,0.5214238422463768,0.5366373950724638,0.5626398777536231,0.5256555722463768,0.5210769373913043,0.5308521447826088,0.5616346673188406,0.5331386836956521,0.5311827822463768
ms_08_0037,1.0,0.4924990640331492,0.5502368196685082,0.5275055263535912,0.528207363480663,0.4839634787845304,0.506141082320442,0.5423287361325967,0.5275228435911602,0.4575524249723757,0.4922207027624309,0.5629732258563536,0.5352388965745857,0.5460864424861879,0.5245858822651933,0.5768141399447514,0.5201572559116022,0.5251801396132596,0.5406265471823204,0.4859127504972376,0.5416354669060773,0.49410454276243093,0.517882634198895,0.5606539608287293,0.5541338810497237,0.5443971400000001,0.548014236519337,0.5598296500552487,0.5632218701104973,0.5002675732044198,0.5361191038674034
