Filename,Cohort,I plan tasks carefully,I do things without thinking,I make up my mind quickly,I am happy-go-lucky,I don't pay attention,I have racing thoughts,I plan trips well ahead of time,I am self-controlled,I concentrate easily,I save regularly,I squirm at plays or lectures,I am a careful thinker,I plan for job security,I say things without thinking,I like to think about complex problems,I change jobs,I act on impulse,I get easily bored when solving thought problems,I act on the spur of the moment,I am a steady thinker,I change residences,I buy things on impulse,I can only think about one thing at a time,I change hobbies,I spend or charge more than I earn,I often have extraneous thoughts when thinking,I am interested in the present rather than the future,I am restless at the theater or lectures,I like puzzles,I am future-oriented,Sex,Age
ms_00_0002,0.0,0.48414214868152866,0.5376758091905869,0.5108071279924555,0.5096393360230083,0.46107912133037643,0.49455775912250965,0.5408028375342123,0.504568453953918,0.44200846398989,0.48328017107069454,0.551026947472099,0.5267822706242712,0.5425534224985831,0.5029248445192069,0.5635514801250178,0.5080043935585031,0.5138189988533776,0.5350874907174857,0.4706508618226356,0.5332165185291752,0.47541820195928397,0.5166915134862281,0.5446492291128672,0.5476978864672069,0.5440887108932042,0.5395810735267202,0.5477785801722627,0.5623288432087115,0.4817413765190282,0.515686364805344,Male,35
ms_00_0003,0.0,0.46290461559552626,0.539484570607585,0.5069321157599582,0.5150093318372418,0.46414045720293856,0.4843294026358093,0.5390041190177897,0.48930668906881,0.41437918159945747,0.4590296789282246,0.5532807073928316,0.5149143007868914,0.5356747990566474,0.5090952007466292,0.5661356184314635,0.49314596257857474,0.4981533970054795,0.5319012133920008,0.476656628745387,0.5182840109864213,0.4574624649818323,0.5112876482943686,0.5619585465925169,0.5340345410475381,0.5352074221601786,0.5383106903983516,0.5505034985075098,0.5546689977638518,0.46652555208824864,0.4969584433481271,Male,28
ms_00_0005,0.0,0.49767606113367174,0.5635351674879622,0.5286797555930753,0.5316896118429303,0.49392346476048327,0.5097925204883396,0.5529265466323772,0.5265937532410322,0.46233096511016375,0.49787411797119263,0.5717756059490612,0.541728780725013,0.556594951257002,0.5317969840469716,0.5756069855671329,0.5283573833344732,0.5318638264577641,0.5383102439992563,0.48623316224640367,0.5470504846427966,0.5019923200286004,0.5319292322973187,0.5619721146937413,0.5651189096577452,0.5479085650208826,0.5421064096553952,0.5521211918649485,0.5738946362159596,0.51050616883339,0.5290064369522246,Female,26
ms_00_0006,0.0,0.4747510471375301,0.5352561817884316,0.5175899625437468,0.5254760279865431,0.4734406368364834,0.501951372664092,0.5338525012669648,0.5020282441948805,0.4484541359954171,0.48447505328980967,0.5450311853275397,0.514645205095115,0.5399834038101071,0.5123746775855439,0.555451029800514,0.5103958070998014,0.5121982179359953,0.5163645417208179,0.4700763409469131,0.5202690371069422,0.48148124904326883,0.5102033534940074,0.5421935992716559,0.5453171458715415,0.5213463727114618,0.5191907367676621,0.5383897462733122,0.5507238214695064,0.49797914264243515,0.514511063294776,Female,27
ms_00_0007,0.0,0.480642067126237,0.541749328431405,0.5193182588325667,0.5197068556046219,0.4710640413437409,0.4895884155630025,0.5465325638664433,0.5058102309565969,0.43940034875416095,0.47984096489441996,0.5474283316588746,0.5294242290481824,0.5355911743222804,0.5096277523548666,0.5609964105539933,0.5092768447992566,0.5131471199097888,0.5278312598203463,0.4820186217927297,0.533215706273249,0.47712682937832385,0.5064132092968107,0.564709987828636,0.5438657435205932,0.535902210953648,0.5342479438873519,0.5534460593779058,0.5524265097697355,0.48275907303320803,0.5189972268065839,Male,27
ms_00_0008,0.0,0.487535287071109,0.544483849105916,0.5262195629933891,0.521411534952803,0.46693054068584394,0.5011566583441737,0.5500690338619318,0.5074609792441819,0.4429604925443992,0.48310224398700824,0.5574950052795578,0.5416833614853632,0.5597741027834693,0.5079122213193425,0.574325126498888,0.5068662156419979,0.5119121690449872,0.5463892504686277,0.47952128126666727,0.5495569676089227,0.4769279708062503,0.5160906035090923,0.5739189979450076,0.5498670183133705,0.5481111636258427,0.5493465021926582,0.5645267809178494,0.5782855576958376,0.4770915111633518,0.5223469497437848,Female,23
ms_00_0009,0.0,0.47000075704695043,0.5261485980009069,0.5038832743700548,0.5222375888973556,0.4363679439514513,0.48476406745831835,0.537494420723789,0.4956298384595926,0.42214931037002124,0.4765621133503515,0.5383013991472786,0.5174513220483192,0.5390054983000202,0.4923907980800289,0.5596824582430268,0.4948292067017819,0.505945608371713,0.5182917119984881,0.484295607090549,0.52531904035769,0.46732615320570653,0.4982829580547173,0.5631342844114992,0.5384216612056589,0.5289757162851682,0.5271128643581497,0.5651367453651348,0.5528610042433054,0.46007161694895043,0.5212905283082268,Male,25
ms_00_0010,0.0,0.48175122487030525,0.5441600957949998,0.5244936393272144,0.5266251616859751,0.4584633513459821,0.49080625576333703,0.5520959199180334,0.5206907923241667,0.4338489955654867,0.4737212556295186,0.5499810067216965,0.5429747691530727,0.5464044127204657,0.5066267582671788,0.5824525430187205,0.4968990855304628,0.5159538737419078,0.5393618723355266,0.4997061166913027,0.5484321047455052,0.47413325626641983,0.5023852120786532,0.582885671111954,0.5429330638200752,0.539564449832703,0.553283558446925,0.5768671968822289,0.5626856651307418,0.4709910882353172,0.5322524612002102,Female,25
ms_00_0011,0.0,0.4908905661532939,0.5487579038897316,0.5166468635336139,0.5172674959245053,0.45952422065331083,0.5024625853937864,0.5499394569799343,0.5096956466270292,0.44683728557307956,0.4876320912625919,0.5519200026247338,0.543289431400016,0.5571355703282295,0.5091971450370152,0.5923642276027972,0.510217944393718,0.5264062499194285,0.5567887441478602,0.48719857031285846,0.550589722800024,0.4811821607459113,0.5209965567783105,0.5646091135290636,0.557972494485094,0.5452210055811445,0.5584925814928186,0.5711554494175505,0.563978151419261,0.4901526954461364,0.5363201085294071,Male,30
ms_00_0012,0.0,0.48977605789134193,0.5539670813103615,0.509671537665825,0.5200471655679964,0.46324460283503,0.49316293183909793,0.5538521361790036,0.5152296581323066,0.43563330845119486,0.4857631020889996,0.561786455428846,0.5427968699145851,0.5567678967748284,0.5103812857186355,0.5879461253944885,0.5183909434295448,0.5123964923915139,0.5492906590436882,0.4742228364667672,0.5467503012324567,0.47718548412733214,0.5263382027062827,0.5672938981412318,0.562975004463175,0.56246596250443,0.5489826418195846,0.5643572282700695,0.5791162587159365,0.4900248684696844,0.5267000738329002,Female,25
ms_00_0013,0.0,0.4972722509305065,0.5485506061539791,0.5060117080453976,0.5063054939933338,0.4493055847335484,0.49630529540837737,0.5400321361323766,0.5168271660250283,0.4424080874529358,0.49426831608887345,0.5483903069779079,0.5335031663956933,0.5455328914635266,0.5117748448648949,0.5776082488195481,0.5198901953980954,0.5254602717297074,0.5511899227874943,0.4736941012397663,0.5371151069525381,0.4882333189823622,0.5256209550478298,0.5562390662233433,0.5586975512132987,0.5549850053887552,0.5495981973612378,0.5641345612191406,0.5674431310261819,0.4763873176769817,0.5243369865318048,Female,23
ms_00_0014,0.0,0.4807950455389648,0.5333518811018536,0.5021935866179822,0.5132133047639226,0.4377784933094758,0.4748513923550107,0.5553843767129815,0.5119665846878131,0.41363292620947223,0.46384715011331434,0.549497928890179,0.5515211147560227,0.5465611309830424,0.4865834655196262,0.587286992359028,0.4835897169494068,0.5039179607655552,0.5518914075218168,0.49470274155995836,0.5514854048604882,0.4540290121936583,0.5049522930730831,0.5708088769497718,0.543637778694503,0.5506662895428428,0.5684903006500043,0.5841603510736134,0.5655275945648623,0.45426928755732443,0.5358598588694335,Male,21
ms_00_0015,0.0,0.46833399413718535,0.5467487753871514,0.51607080974767,0.49752964591401144,0.45270264581048314,0.477591760430772,0.5391594620094041,0.5020143398113025,0.4028583068382719,0.44476380140551697,0.5527108120198719,0.5386052774033914,0.5341759419053804,0.5081829328904851,0.5946468520879437,0.4835738140109597,0.5028385229261425,0.5641127628187157,0.4875210602177549,0.5396938349590129,0.45728735603319487,0.503350667063535,0.586022178540498,0.5371282581888264,0.5439502892854772,0.5773023166126926,0.5859337628087323,0.5692895616216354,0.449250413194471,0.5146410033149273,Female,26
ms_00_0017,0.0,0.4825036396191437,0.5423615903003118,0.5272913171240938,0.5215749483565887,0.4896290429896517,0.5031981587315154,0.5417718525930747,0.5114922417590434,0.45640467345601154,0.4837016796877657,0.5676961761135846,0.5203059604576936,0.5517624527395194,0.5183861546367616,0.5613121957323909,0.5190711604593928,0.5181329545241862,0.5259815345801241,0.47811750652041146,0.527636572057613,0.4901518712003564,0.5132674886309414,0.5518530908891498,0.5523977603128749,0.5324636972259701,0.5310042679722714,0.5421813876347568,0.5637645855874579,0.5012445786377516,0.5185520439091916,Female,19
ms_00_0020,0.0,0.488766967683852,0.5530141079204848,0.5176635417743366,0.5272740400473448,0.47642354018381655,0.5011342970974386,0.5535838094760708,0.5158574270379691,0.44388445486493855,0.49044732292551696,0.5669871591132053,0.5360117345500579,0.5489388559053804,0.5179402908104851,0.5815088831546104,0.5193209702776264,0.5203545331128092,0.5365229514587158,0.48594800936442156,0.5405573050923462,0.4877160964598616,0.5202559787168682,0.5705909607538314,0.5578150386421598,0.5423939195788106,0.5407163102926926,0.5586252720887322,0.5712720823416354,0.4913737528478043,0.5240229561682607,Female,26
ms_00_0021,0.0,0.5005144385935915,0.5577642360391977,0.523756823043403,0.5294080253219532,0.48181762728611666,0.5133567217950427,0.5550695610547938,0.518645691893261,0.4610258623144779,0.5068915954335895,0.5695972109800126,0.5400877392560299,0.5727050067792773,0.5258004330584093,0.5794984125169512,0.531922611680302,0.5279625989580737,0.5387285705809451,0.477954248897529,0.553633840983649,0.49809204066854246,0.5335026226579966,0.5657478137952822,0.5661903831761013,0.5528876749731817,0.5407668063020231,0.5598580414674242,0.5762052184804765,0.5035991115767455,0.5345374201926132,Male,24
ms_00_0022,0.0,0.48533058962946724,0.552729721868376,0.5239702880716309,0.5309086769936359,0.4745591822582377,0.4959039428835242,0.5684490901430311,0.5187250531564115,0.43378207050495654,0.4731772968795267,0.5718300851024641,0.5504476497521736,0.5651281165419223,0.5118722716168633,0.5957267854219607,0.5067597980310093,0.512144983315154,0.5453920124793828,0.49808300799925265,0.5543193911243637,0.474720865722221,0.5131127718205607,0.5934510552867988,0.5517866463756498,0.5460947969181875,0.5647844540957844,0.5795975348128326,0.5777581644638438,0.47577458305066755,0.535012569501358,Female,34
ms_00_0023,0.0,0.48658097409626194,0.53802840118772,0.5171835376462405,0.5141234492812755,0.4473274947738884,0.49099447369388655,0.5572812890743941,0.5109055331893881,0.43361998054111606,0.4673811265764608,0.5487952780640264,0.5472993097931378,0.558141520530859,0.4954519405970687,0.5856616656348755,0.49276406688261376,0.512030327696028,0.5554185342828809,0.49090805732215287,0.552699132195915,0.46797142021641736,0.510173325494556,0.5656904837319888,0.5476319982292366,0.5432883081004415,0.5664772764109387,0.5712771541747745,0.5699120001182533,0.4683524682874537,0.5338052963754126,Female,25
ms_00_0024,0.0,0.4754355392584699,0.5386381988571245,0.512608446601573,0.5183512758893161,0.45016457779658664,0.47977756619691947,0.5494433963186196,0.5064656054421198,0.4120396598136774,0.45678757451181856,0.554893188682436,0.5377114198482978,0.5435758909988846,0.4990743620181369,0.5764062585052818,0.48516715961123547,0.5091484118016214,0.5453244590738573,0.5001089031588771,0.539688515994569,0.45851454576785516,0.5055462137154871,0.572504692696435,0.5404663149198642,0.5351831292901696,0.5594092522816408,0.5709189394543251,0.5610292295621003,0.45431806725833385,0.525725399563923,Female,29
ms_00_0025,0.0,0.48716298130172137,0.5465094747231349,0.519603007062136,0.5143560070098946,0.45557313344919526,0.4848260327663938,0.5596027033778036,0.5155302392739559,0.43163922512666425,0.4668897422997893,0.5605599396661421,0.5475016084052018,0.5587933951969696,0.49997275324056867,0.5882364051407756,0.49876790063060483,0.5150562752465616,0.5628799988386568,0.49696046532309596,0.5529684338470566,0.47298850620068866,0.5141044120210172,0.5856127596344628,0.5477456030961457,0.5612583720108518,0.5744581120187399,0.5835902015107489,0.5782940716542913,0.4556323185031854,0.5341250007971462,Female,28
ms_00_0026,0.0,0.43710648650974293,0.48730204005986044,0.4889294401196038,0.499670892282268,0.40833432419448107,0.4408743380627123,0.5192213355059089,0.4893670884224145,0.37388952251367413,0.417748860611672,0.5130753198696741,0.518805678295953,0.5029789913582986,0.45355300988678227,0.5673659710955795,0.43033574686975473,0.46854638008643,0.5147616961044456,0.5109438769693097,0.5098294952957246,0.4119514412081714,0.44516864678007134,0.5695368287290452,0.4979628396540626,0.5165376806579635,0.5507555449714486,0.582258156215927,0.5241545206635699,0.4166716102960618,0.50742387638679,Male,28
ms_00_0027,0.0,0.4872813918904368,0.5476582664945714,0.520982072048011,0.515530931333055,0.4535756425366843,0.49412929064879557,0.5515716079459655,0.5093280871748541,0.43608964672297057,0.4702358557622183,0.5525887472627511,0.5397247198172961,0.5562233721952339,0.5068017715147206,0.5906201421270393,0.5010452706062836,0.5147772825912057,0.5630291281219891,0.4883155329662471,0.5465553928715277,0.47537662390919155,0.5129456172359832,0.5791349282895455,0.5489948176558074,0.5488863024871872,0.5732992417514817,0.580597621253984,0.5666140298807115,0.4614685441003266,0.5344199818236167,Female,23
ms_00_0029,0.0,0.4779292633705305,0.5422854663290757,0.5156585335117112,0.5323358552015173,0.4668153091811027,0.4814945382955558,0.5585927769533816,0.518557401995307,0.42180893793374347,0.4651839714472301,0.5566956046640001,0.5475646563816988,0.5492888372225563,0.5048390723925505,0.5804943916399199,0.49842431679636934,0.5081937427937818,0.5392334068745261,0.4991558235934915,0.5465022552290608,0.46796425195017516,0.5090019385677551,0.5782813967251426,0.5473562105992109,0.5456683601253606,0.5584952475301702,0.5743468863437575,0.5577462670079558,0.46164635488643124,0.5326095515952795,Female,23
ms_00_0030,0.0,0.48808813547787017,0.5575094149391476,0.5163148134736185,0.5105052531993859,0.4679136082038449,0.4946267428233658,0.5467630963155564,0.5146333646289146,0.4429244599458514,0.48230162987454794,0.5591802199402851,0.5422275755511431,0.5504775608259392,0.515920625522723,0.5905082528928959,0.5101661278774751,0.5243446267207255,0.5527564250063992,0.4873776349843265,0.5478507881590203,0.4851852170232994,0.5207765118133394,0.5753879102527938,0.5560104467924405,0.5506896922687521,0.5607968789817721,0.5732477222261237,0.5710449569880025,0.4788912796421168,0.5296456744154958,Male,23
ms_00_0031,0.0,0.48161286493631644,0.5465790027489895,0.5170225974972262,0.5222098126541689,0.46625664580923,0.4878614031580714,0.5456462259127747,0.5186925905425671,0.43126186503115665,0.47425988624422133,0.5566744454736157,0.5473787108929015,0.5463413009005744,0.508777342992313,0.5840390878629032,0.5006481724864109,0.5162280729249551,0.5489491283199572,0.4976540065624438,0.5490395062302446,0.4732102524828059,0.5098510986459328,0.5760881859858793,0.5496452376610554,0.5478600039891777,0.5561163686364201,0.5707660426399576,0.5585468331333728,0.4751395623431056,0.5325322547783984,Male,28
ms_00_0032,0.0,0.5015330198969324,0.5558159971601437,0.52404842545846,0.5248125339794268,0.47239523415805296,0.5042713311066622,0.5490372857625936,0.5253332213274261,0.4577276444265033,0.4996544205263071,0.561919943452785,0.5435604036369154,0.562526879367969,0.5210170865240523,0.5780070919575608,0.5264021681680199,0.5278358025545775,0.548177273474551,0.48187388544161697,0.5506055590625153,0.500068788165528,0.5267193639159197,0.5671254616024037,0.5669230225905343,0.5536679950038461,0.5496834494869152,0.5678207975067636,0.575177207311661,0.490245434316986,0.5375524327169164,Female,40
ms_00_0033,0.0,0.5046096427329321,0.5610928201740951,0.5260501106982506,0.523916832786185,0.4646438125287186,0.49240616553937755,0.5627423394245618,0.5198871244521343,0.4427742723926793,0.4956720132990475,0.5633895985260002,0.5568703833558255,0.564612413398401,0.5181160283214502,0.5868099987632854,0.5161509622903615,0.5250770875779973,0.5601162850975185,0.4991026624263657,0.5601880594702747,0.4886783389294507,0.5317896674202823,0.5888492931607846,0.5628294768835571,0.566210732239244,0.564955075286294,0.5839306178648294,0.5767051521581623,0.4712138080399108,0.5379568278941149,Female,24
ms_00_0035,0.0,0.47198754577583396,0.5370307084978511,0.5061475918896196,0.49837610728226805,0.441675318295737,0.475863530233042,0.5372803285789074,0.4953870853886625,0.41928138070833665,0.4668524856391445,0.5439039214042111,0.526285169685278,0.5332342071039814,0.4966678480892941,0.5713492588938527,0.4919968810848254,0.5066870600589575,0.5452842571797988,0.4774092568044745,0.5273278960649553,0.4621171319852515,0.5117703898805424,0.5631514948554188,0.5380052057176418,0.5542327637231126,0.5481672224949966,0.5672476162316256,0.5608124247373533,0.460517624004853,0.5125374318145766,Female,28
ms_00_0037,0.0,0.4868831439482998,0.5444264000504784,0.513096338113681,0.5230799136569957,0.4703304079584337,0.5044459090183038,0.5329399818592215,0.5142850228871079,0.4533743291923811,0.49413199456189977,0.5519001952895981,0.5284290367637213,0.5426473765943824,0.5102494882170628,0.5655033532900102,0.5165495582059096,0.5226346654996675,0.5273570072700324,0.4764867514754984,0.5315119849596397,0.4878080695443946,0.5139149655656399,0.548800087253085,0.5533451117744604,0.5366729888074098,0.533395105048479,0.5479835987929355,0.559611127012177,0.4993965670623581,0.5201686547338449,Female,24
ms_04_0002,1.0,0.49654103025539964,0.544298887690344,0.5221187260546561,0.5152238130806784,0.4597471914821654,0.4909016036382993,0.5504779085081878,0.5193409378018681,0.44526625505093864,0.4770021879505669,0.5458147925974072,0.54728772954908,0.5485921346791915,0.5160285786568868,0.5806276811104183,0.506319012337184,0.5236078483223142,0.5547151671698978,0.48759738765316923,0.5468823044933179,0.4865402624115334,0.5140525253111617,0.5712994741959201,0.5507241805899722,0.5373542758687826,0.553567664493318,0.5777644694375558,0.5623851051252882,0.4806369185825372,0.5352876715936896,Male,22
ms_04_0003,1.0,0.5123647752161512,0.5666678252161511,0.5441840211022271,0.518011305311088,0.4900341112288095,0.5244608042984297,0.5442002392034929,0.5422079276212145,0.48371999898197404,0.5134449891402018,0.5491228065136196,0.5523171334439992,0.5530625379060247,0.5354163694883031,0.5867389121148854,0.5358469239186828,0.5451600414503284,0.5433583873364044,0.48832690135539175,0.555508083538936,0.5189330011022271,0.5220275412921005,0.5696149776212145,0.5668213794883031,0.5467033895832398,0.5524077068300752,0.5660943320199486,0.568108275817417,0.5198313481591892,0.545523689045265,Female,24
ms_04_0004,1.0,0.5000275742690542,0.5619236574417449,0.5152450757951585,0.5235910182047971,0.470209449570259,0.5064102537068051,0.5570870810963634,0.512244310574275,0.446355380694757,0.5009267965180502,0.5759663231043956,0.5498219127831104,0.5532571751927489,0.5243542538272871,0.597496362702789,0.5214477249116244,0.5242037547108211,0.5662383098513835,0.4738246983654398,0.5549211259959619,0.4900086259959618,0.5431634747108213,0.5682516536666445,0.572066191698773,0.5687115968794959,0.5627813482047971,0.5707343054738735,0.5867219106545963,0.5056966209758814,0.5197667875622268,Female,35
ms_04_0005,1.0,0.4766915721257238,0.5528625579987397,0.521049633752708,0.5140526658162001,0.47013911494318417,0.48988959045905717,0.5440158145860413,0.5131814133558826,0.42591827541937455,0.46984029803842214,0.5611010137130255,0.5372206147050889,0.541912035220962,0.5224522778400096,0.5811106631177874,0.5053053775225492,0.5168524349035016,0.5472845934352476,0.4921917074431841,0.5388490500225492,0.47555800018127936,0.5204740714511207,0.5693075938717557,0.5512286903400097,0.5428356009352477,0.5542464715701684,0.5658513563320732,0.5675949022844541,0.47594366597493015,0.522677229705089,Male,34
ms_04_0006,1.0,0.49970033604063624,0.5632585600021746,0.534011673309867,0.5201670013098669,0.4747097321560208,0.5127652415406362,0.5504464125021746,0.5257485936560208,0.4597009325021747,0.4955568771944823,0.5601675771944824,0.5474430888483285,0.55394335838679,0.529466703463713,0.5871601254637131,0.5245979744637131,0.5385882546560208,0.5488843621560208,0.4888701039637131,0.5552259860406362,0.501114467232944,0.5275185314637131,0.5729908328483285,0.5648649446944823,0.5424667564252516,0.5568159687329439,0.5682393102714054,0.5765519512714053,0.49753459538679,0.5353584784637131,Female,28
ms_04_0008,1.0,0.4892552847910579,0.5556523285680364,0.5308596997550867,0.5226608329565255,0.49690577263278457,0.5024844157982522,0.5695082397191155,0.5191166023090436,0.44877858515077007,0.4801632254385399,0.5814418811579645,0.5432823561939357,0.5570260410140795,0.5210785560860219,0.5859112407982522,0.5134382358701947,0.5205283612658781,0.5500041648630004,0.4922206299349427,0.5485536067694752,0.4841594547550867,0.5180417402586839,0.5768659016975328,0.5558804875968133,0.5512213863737917,0.5644575162299069,0.5651698109421371,0.5825456437838638,0.4913975974888996,0.5245934165536479,Male,27
ms_04_0010,1.0,0.4854756480002425,0.5674422501430998,0.5289303672065919,0.515775338912941,0.49324470522246483,0.5056661486351633,0.5392105061351633,0.5189356275240522,0.44315926046056003,0.47879381002405214,0.566110751770084,0.5346316930399253,0.5305787678415125,0.5410645197065919,0.5871774312145284,0.5187955782383379,0.5281169747859569,0.5503929501034173,0.4843149111748458,0.537361049785957,0.49305594629389343,0.519213705381195,0.5726025130399253,0.5557908095081792,0.5405006430796077,0.5590229896669093,0.5636968393097664,0.5662660504208776,0.4950056493097664,0.5140013496669092,Male,20
ms_04_0013,1.0,0.4926486136219873,0.5315154681934158,0.515931203336273,0.49992802876484443,0.46628413447913,0.520803815336273,0.5071101456219873,0.5307317010505587,0.4769806499077015,0.5044308196219872,0.5316650790505587,0.5127898084791301,0.5298747839077016,0.5096918907648444,0.5578480379077015,0.5231498099077015,0.5076598219077015,0.5062184324791301,0.45486255933627284,0.5170837870505587,0.4957849450505587,0.4948635687648444,0.5094118184791301,0.5593918084791302,0.53969249047913,0.5198664336219873,0.5363618201934158,0.5427664859077016,0.5379131179077015,0.5259585641934158,Male,16
ms_04_0016,1.0,0.5033501602629634,0.5471750845053877,0.5158310314750846,0.5133415174058206,0.4790075753278985,0.5155012031633963,0.5294802862369894,0.5108164833798465,0.47656223030625344,0.5173728377521408,0.549805992860366,0.5202647909988941,0.5547381560205391,0.5239188383149115,0.5628268612153444,0.5381108041157773,0.5299671337261669,0.5292814491374223,0.455431304894998,0.5302887394404525,0.504568847838721,0.5230083317781149,0.534072089873353,0.5626376767997598,0.5399006802629635,0.51508319697292,0.5353994000898032,0.5583790294404526,0.526725497838721,0.522457969786773,Male,22
ms_04_0017,1.0,0.5123146672920864,0.5678560119565159,0.5300705071243011,0.5321527711175897,0.4808847014867173,0.5206417413860461,0.5564298290034958,0.5321815318222878,0.473104416318932,0.514648542661214,0.557399266990073,0.5490597244397374,0.58061513554712,0.5323469536679253,0.5818693660840327,0.5433193988357106,0.5435920562182609,0.5399627482316837,0.4869391502115495,0.5620441672920865,0.5092249321914153,0.5394232851108783,0.5667316017551737,0.5744973975940998,0.5590695471243011,0.5440065732316837,0.5615391806813482,0.5747009070907442,0.5095857079296703,0.5478351238692676,Male,29
ms_04_0019,1.0,0.47688946609522415,0.547809714102743,0.5117582157004874,0.5167984495726677,0.47377133318169035,0.49180789934710384,0.5355772221290587,0.5082898072230437,0.4337904879185325,0.47820407863281816,0.5610590057944723,0.5199356006816903,0.5430833407004874,0.5162835222230436,0.5673894768659009,0.5139259052305625,0.5160454468659008,0.5294521727869534,0.48080745280575043,0.5256783348358256,0.48442220987341966,0.5143750859260512,0.5614530049486076,0.5502535153997354,0.5357352996666527,0.5357865358696603,0.5505094769598857,0.5638863129185324,0.47727671727943466,0.5169463581065024,Female,21
ms_04_0020,1.0,0.4863956740731663,0.5458766535071286,0.5160115862429776,0.517884844985116,0.4698106905511537,0.4959948150165625,0.5512968729410909,0.5105661365259965,0.442404868475682,0.4772392388215939,0.5558482340731664,0.5383818194505248,0.5527806023436066,0.5116906616517827,0.5810424426895184,0.5075006790102732,0.5152944087587009,0.5441942656454933,0.48322981891593353,0.5439074047964367,0.4782054141360593,0.5129347391046128,0.5645337881612166,0.5490420396392041,0.5432095789473802,0.5502018264316568,0.5604312615888897,0.5620074855197073,0.48412525001656254,0.5236900918404619,Male,26
ms_04_0022,1.0,0.502151541078039,0.5613882749376882,0.5202687959903197,0.5229976921745303,0.4602087152885653,0.5000012357710214,0.5492008373499688,0.5239878279640039,0.4409002096745301,0.4955248033587407,0.5550840327885653,0.5520356106833022,0.5523700703762846,0.521557354586811,0.5887045517359338,0.521714932832425,0.5253601069113724,0.5540747280955829,0.4836877609026003,0.5544647763850565,0.4873372063850565,0.5298033138411969,0.573725641078039,0.5615530307271618,0.5630921473061092,0.5557565217797934,0.5755376331833022,0.5700512998499688,0.4859351053762845,0.5364907330078635,Male,31
ms_04_0024,1.0,0.4868832106655655,0.5614341744244309,0.5303914368003174,0.5185697953464168,0.47849670594925353,0.5018905398499628,0.5476028733960621,0.5343489403464167,0.4377100609492535,0.4763554870485443,0.5661235808074097,0.5547829828641472,0.5412548709492536,0.5252095796371968,0.5978911312329415,0.5094646257719486,0.5255138041052819,0.5589057020485444,0.49994020102017556,0.5548372115875514,0.4875068758783315,0.515054143254218,0.5864579702045727,0.5586007361620196,0.5537290394953529,0.5767034032542181,0.5840603716584735,0.5733532272613103,0.481769698537906,0.5426431963393245,Male,26
ms_04_0025,1.0,0.5108685364283403,0.5535109010925193,0.5260599417268478,0.5283628445626686,0.47454784404028055,0.4908824224358028,0.5421006542641612,0.5439502243761015,0.46094794206266854,0.5044826634432656,0.5476723147492357,0.5422627478835641,0.5410611833686387,0.5191109553089374,0.5689126900104298,0.5246036714656538,0.5384887344507283,0.5282387141895343,0.5054990310178925,0.5463158847119224,0.5070870473238626,0.5117827058313253,0.5798404826596836,0.5485278415029672,0.5453875488537134,0.5389298217641612,0.5742694422492358,0.5523842499731164,0.4774898863537133,0.5498263413910268,Male,20
ms_04_0026,1.0,0.4910409395127792,0.564041684451051,0.5210047477843842,0.5170724976609274,0.48162980803129785,0.49566381601483683,0.5596400134222442,0.5233503790189521,0.4380862672494048,0.4809433350271826,0.5771723245333554,0.5470397618173061,0.5477571598419974,0.5283171628461126,0.5979668836691578,0.5137562512411743,0.5279534059736846,0.5643667384839727,0.4935955828872649,0.5525926915292401,0.4846276125168945,0.5259627026815036,0.5842976325168945,0.5596759414880879,0.5563220892658657,0.5703728444098987,0.5745436649037258,0.5814256429695693,0.48403273362800564,0.5281311707473472,Male,28
ms_04_0028,1.0,0.4810462978536336,0.5571342181294956,0.5305063296467369,0.5106768910260473,0.49314109661225425,0.503225107508806,0.5405642037846681,0.5189008757157025,0.4547333153708749,0.4880615534398404,0.5557460675777715,0.5323333985432886,0.5457614964053576,0.5225859103363921,0.5780793929570818,0.5177145684053577,0.5180693066812198,0.5310700725432886,0.4701264378536335,0.5348685409570818,0.4877582792329439,0.5197693392329439,0.5600412785432887,0.550291519646737,0.5469322159915646,0.539755463922599,0.5468021982674266,0.5586505373708749,0.5111751730260473,0.5214138555088059,Male,28
ms_04_0029,1.0,0.4812205927340536,0.5373905850483393,0.5131202833054821,0.5089519363626249,0.4590988071340536,0.4923229818483392,0.5354690901340535,0.5047156616483393,0.4406655730483392,0.47799134299119644,0.5558846039911963,0.5315590800483393,0.5458319712197678,0.5066554595626249,0.5693936666483392,0.504891069562625,0.5138240841340536,0.5425949886483392,0.473742483762625,0.5331022565626249,0.4780562985340535,0.5146320711340535,0.5486780063911963,0.5555827517054821,0.5385744617340535,0.544733982562625,0.5544419197340535,0.5624931511626249,0.49051301013405363,0.5216094374197677,Female,24
ms_04_0030,1.0,0.49113597055699615,0.5619687681712093,0.5382953409123261,0.5377527842118185,0.49827089238440736,0.5030959679174022,0.566321907155981,0.5361687139580115,0.44766529060775756,0.48321298395801143,0.5760185840595342,0.5540567635011586,0.5538020318767931,0.5263770823844073,0.5951502208615647,0.5168699676128338,0.5259999114707018,0.5432081656838997,0.5085530835011586,0.5577979660392296,0.49428984030318895,0.5098540606077576,0.6010797741102957,0.5594325384250165,0.5489672263437982,0.5633805878158794,0.5862959092371992,0.5773216026889758,0.48881936974481344,0.545244470303189,Male,19
ms_04_0031,1.0,0.49362547561964215,0.5562532909880631,0.5278850933301684,0.5140355045933263,0.4899837985670106,0.5071271445143789,0.5373532806459579,0.5208495308828,0.4629153900933263,0.49450587456701056,0.5508209298038526,0.527268885488063,0.5379217545933263,0.5267302430406947,0.5694101760406947,0.5311519579617473,0.5248183139354315,0.5261355731985895,0.47269751219858946,0.5341166333827999,0.5011692313301683,0.5129688173038526,0.558058664619642,0.5502009588828,0.5341711835143789,0.5369496264880631,0.543607912619642,0.5603801295670106,0.5022624403038526,0.5220892002775368,Male,17
ms_04_0032,1.0,0.4721310393151252,0.5433470778438608,0.5278472412001827,0.5270202058208724,0.49334281506225164,0.5013864891542057,0.5371529602806425,0.5175557212001827,0.441973486395585,0.47525436676340105,0.565856684349608,0.5234553161427115,0.5415266498668493,0.5194143951312171,0.5619442347863896,0.5071803713611022,0.5187877444875391,0.5229013534530562,0.4944791153151252,0.5289487994070793,0.48219338414271135,0.5053095269702976,0.5617183425565045,0.5428671252921367,0.5297141548093781,0.5386558126484585,0.5490876331771941,0.5579500740277689,0.48769351529213667,0.5241622806484586,Female,36
ms_04_0033,1.0,0.4860870854629414,0.5612870442933509,0.5217744743518303,0.5264056379775615,0.4720782181529999,0.4924954050243449,0.5515725127144036,0.5293306666617719,0.4315849827144034,0.4795169787962747,0.558035843153,0.5461039489424736,0.5424754877144035,0.5186598089424737,0.5892183935915964,0.5089395654921812,0.5274698649073859,0.5436031234161579,0.5062778617202514,0.5534874127728829,0.4862007090009531,0.5134819578606024,0.5958722709307778,0.551500285901538,0.5474103224512455,0.5618759330945204,0.5792893598196667,0.5650209937377954,0.4636574004921812,0.5361108426851637,Male,27
ms_04_0036,1.0,0.47395540603762565,0.5544396600105987,0.5333765533349231,0.5258964048484366,0.49670164414573376,0.5129620958484366,0.5473260427673554,0.5271802985511392,0.43984174711870677,0.47751344706465265,0.5738299007133014,0.5355827749565446,0.5417989353349231,0.5220374480105987,0.5746910184160041,0.5068092494970852,0.5215392280376258,0.5315014096592473,0.49804054409167975,0.5430274373889771,0.48676627855113924,0.5068969498484366,0.5842421625241122,0.5472143648484366,0.5413156899295176,0.5611863180916797,0.5654228886051933,0.5747142301727608,0.47713112592951756,0.5282731581187068,Female,32
ms_04_0037,1.0,0.4924231578451199,0.5512070677693625,0.5223344088299685,0.5159769054208776,0.4517810057996654,0.488955314436029,0.5620906376178473,0.5264007229208776,0.4302679329966351,0.47439678526936235,0.5592591845117867,0.5574902999663321,0.5527002845117867,0.5004667289814836,0.6061163231481502,0.4979092479208775,0.516603043754211,0.5698618193602715,0.5044892373905746,0.5602491205723927,0.4747573398905745,0.507980402314817,0.5981233051936049,0.5536942724663321,0.5592147582996655,0.581486811784514,0.6084013849663321,0.5771548560269382,0.4617725272390593,0.5478164560269382,Female,20
ms_04_0038,1.0,0.5196551119253197,0.5704751203690283,0.5340336059981674,0.5269605989782998,0.5147587908988297,0.5207015610975051,0.5486850382829356,0.546211258481611,0.49047651639551837,0.5192056712299554,0.5628222238458495,0.5444690912299555,0.5530519916273064,0.5479445376869091,0.5698779718259819,0.5517924639782998,0.5443889609650547,0.5237415673226706,0.4791437593425383,0.5494877158326044,0.5254169776869091,0.5248400955345912,0.5511461995081012,0.5684880265279687,0.5419737893425383,0.5293816286140615,0.5408770337796244,0.5639266301041276,0.5315741435147237,0.5419331453359157,Male,23
ms_04_0039,1.0,0.48342924607266985,0.5500622114131716,0.5198536823450712,0.5193962311264332,0.46765407033790285,0.49351076557087764,0.54950535169991,0.5154780894060031,0.43566549972858376,0.47831180191496364,0.561164102811021,0.5442599900153221,0.5584746665744619,0.5082184377572576,0.5817277596210569,0.5112888803379028,0.5152264171479386,0.5442903082590498,0.48312074517661246,0.5493462945672934,0.47873795983611067,0.5192372772554654,0.5731858375063617,0.5583330520583328,0.550678504388082,0.5521347056425623,0.5724457203737451,0.5689728570762541,0.47801909603682746,0.5381709574346769,Female,17
ms_04_0040,1.0,0.4808163658829628,0.5389066459752704,0.5220757604060396,0.5181643083752705,0.47649381388296275,0.5018831854214243,0.5464889280060397,0.5136946246214242,0.44479713062142423,0.48314989068296277,0.5579568538214242,0.5368128105291166,0.5473484259752704,0.5094696973598858,0.5686569037598858,0.5044397017906551,0.5182663605291166,0.5334083432983473,0.48603394523680893,0.5420975460983473,0.48010223775988586,0.5055730072983473,0.5634153422214243,0.5481863142521934,0.5353949757291165,0.5424204640983473,0.560845232990655,0.5601474910214242,0.47953621597527046,0.5291512949291166,Male,21
ms_04_0043,1.0,0.48925759709694167,0.5757442945305701,0.5512135851057912,0.5152819336898621,0.5023000785571187,0.5266961872739329,0.5576988124951718,0.5413178468314549,0.4592471268757027,0.48166527833587974,0.5691612717872071,0.5508722876279151,0.5434452957695081,0.5412551893535789,0.604638520592517,0.5098890270969416,0.5366512146190656,0.562106945769508,0.5070264824951717,0.5592060516544638,0.5001188120969416,0.5139745829818974,0.6017015191765877,0.5496899133801275,0.5501892310349947,0.5939084552385346,0.5861828691765877,0.5806970225836674,0.48486541899959656,0.5340303529818975,Male,32
ms_04_0044,1.0,0.48778888481314675,0.5590191895142336,0.5347649190522771,0.5109511478837989,0.47649234098162496,0.5101304641066249,0.5379617470957554,0.5361779559001032,0.44940970070988584,0.48116744804684236,0.5510306120414076,0.5426492428022771,0.5265227011174946,0.524919549405538,0.5819872500577119,0.5025886023131466,0.5383558463892336,0.5533752345685814,0.5016322118240162,0.5476690100577118,0.49295364038379885,0.5091001607914075,0.5826044507914075,0.542895532829451,0.5431957160087988,0.5722757582098857,0.5773004107642337,0.5701144286990162,0.46995446723162493,0.5305582617968423,Male,21
ms_04_0046,1.0,0.487272970851297,0.5421419177159834,0.519798573821594,0.5243620975179637,0.47206402444865664,0.4996312576829801,0.5579492321384257,0.5153611232275346,0.4401365156037722,0.4789660429635082,0.5660253914123531,0.5414538173859504,0.561720939531165,0.5049426206862804,0.5790193933265445,0.5022490400592178,0.5138581389371056,0.5472436429305049,0.48947054831004283,0.547190714151627,0.4764477501912309,0.5172023789701088,0.5702262535905709,0.5546590942176336,0.5444656136895808,0.5601731812143332,0.564279855471759,0.5667879288380956,0.47881640279849164,0.535835552171429,Female,26
ms_04_0047,1.0,0.47751577796123434,0.5520821351040915,0.5163211272628216,0.5249826075485359,0.4748145573580598,0.5013398214850439,0.5476844604691709,0.5017871526913931,0.43691236592948823,0.4793606807548851,0.5668024740247264,0.5284802123739327,0.5487924612628217,0.5238555328818693,0.5771094285644089,0.5144091672945676,0.5176595639294883,0.5408322488183771,0.47540458973901206,0.5342349712945677,0.48027639999298033,0.5226808922152026,0.5621349111040915,0.5529762433898058,0.5442248600564724,0.5419407575802819,0.5563651147231391,0.5715125084056788,0.48841599272313907,0.5178630133580597,Female,19
ms_04_0049,1.0,0.4735297076416897,0.5462629751036187,0.5170526050528573,0.5068665186569182,0.4618088101289993,0.48056456799701963,0.5352356520579334,0.5196264201289994,0.4194696243421973,0.46609279769245104,0.5475556062203699,0.5411771956112329,0.5317157494183395,0.5076594982508268,0.5821736760173243,0.4944134033269689,0.5116370536822988,0.5472914702812837,0.4881524768802684,0.5404808629208776,0.4722544066772226,0.5070001505858522,0.5751568625147861,0.5434803397736695,0.5436353376416898,0.5571086361188472,0.5783114119056492,0.5554453231746846,0.4630883089614866,0.5328264928701162,Male,20
ms_04_0051,1.0,0.4832754006480059,0.5568779521600333,0.5284968203730919,0.5156884105792774,0.4876078402699989,0.505367975252817,0.5529783056308237,0.5235092979332293,0.4470367892734354,0.4798126696858066,0.5628984119194835,0.5409736217476623,0.5462826070397585,0.5186837283112361,0.5797337679675936,0.5082036033284182,0.5206181837751537,0.5366288581050506,0.4886315342562533,0.548755739479621,0.4851415016445695,0.5080278393765283,0.5800393148404457,0.5446017792047069,0.5382499559401022,0.5570850041875248,0.5570063526067688,0.5743164824005832,0.47966864363769657,0.5212941029504113,Male,16
ms_04_0053,1.0,0.4785387050666907,0.552878336761606,0.5342653833717754,0.5186250209988941,0.48719244862601274,0.4902956846429619,0.5701010281175382,0.5191605823548263,0.42818823159211444,0.4588822359988941,0.5743950548971992,0.5541985993039789,0.5514141801514365,0.5133721698971992,0.5946134993039789,0.4912303623548263,0.5096778984565212,0.5526795132870297,0.5039619360836398,0.5536748617616061,0.466109652100589,0.5066027892192331,0.593565736761606,0.5453229293887246,0.5432197982022839,0.5753962154904195,0.5789571706599111,0.5744863748124535,0.47285244243957214,0.5279446939649958,Male,22
ms_04_0054,1.0,0.48599473090492734,0.551055399759094,0.523518146477844,0.5217278814257607,0.4601388481445106,0.484995128040344,0.5568402334570106,0.523793133821594,0.42630667929034394,0.47479146095701064,0.5579630367382606,0.552138843196594,0.5504732680924274,0.5016211333007606,0.595016993665344,0.49950940871742733,0.5203819984049274,0.5556510412174274,0.510626772259094,0.555952309602844,0.47363568793617733,0.5111247350195107,0.596597312571594,0.5491866434049273,0.5533722680924273,0.5730898157486773,0.5888662742382607,0.568788689134094,0.454513346165344,0.5370999507486773,Female,26
ms_04_0055,1.0,0.48772314498203645,0.5427660263228187,0.514234032523936,0.5073667292278465,0.44506162872505334,0.48577608481443874,0.5564639978870645,0.5052363266021482,0.42724027855745556,0.47293126565242755,0.5612269452613661,0.5490435864345505,0.5510927030267293,0.49675124766360074,0.5965615243675114,0.49400933447924317,0.5092026457641594,0.5616166814066176,0.48188652805466226,0.5528117709596901,0.46538945425577954,0.5155916325798019,0.5773177219652768,0.5542966947585729,0.5471226881105282,0.5666797795630422,0.5813641828032656,0.5781404566580142,0.47194651453510916,0.5255142004010309,Male,23
ms_04_0056,1.0,0.48068457895603106,0.5474489983127563,0.5287236829911188,0.5215752783127562,0.48425788995018315,0.5032281144531071,0.5488489353887797,0.517329307084686,0.44625568609053395,0.47705912603205447,0.5599507567922883,0.5338395243361481,0.5470397420554464,0.5126849121139259,0.5734992773770837,0.5069657411197738,0.5149864673186042,0.5326254455057386,0.48817312544725916,0.5420568625232826,0.48236136796187906,0.5069071857396569,0.5702627975525223,0.5449936712952125,0.5324186819384873,0.5471258757396568,0.5583505068507679,0.5734177113536919,0.48575273661684976,0.5209249642776685,Female,23
ms_04_0057,1.0,0.49150628530617446,0.5685777677902509,0.548938509955856,0.5325995413252828,0.5115192514845185,0.5231918684271937,0.5611257440641363,0.5357093097966203,0.46813784017878596,0.4898505490641363,0.5749855365482127,0.5483501521533083,0.5605910524080854,0.5347706800195503,0.592994920401716,0.524855494223372,0.5339204993826077,0.5462520636819707,0.5025491846055375,0.5551233860386586,0.5041629746055376,0.5172281490004421,0.592951926611907,0.5620800395099962,0.5422365106883401,0.563902303045028,0.5674585964845185,0.5733055543507606,0.5031199053380216,0.5423065855291045,Male,32
ms_04_0058,1.0,0.5064921158833591,0.553063132400213,0.5279356315013366,0.5007336881305501,0.45316383925414555,0.5139686382429096,0.5377462064451569,0.5342016800406625,0.47107534565863995,0.49875485981594336,0.5509597383552692,0.5362248498159433,0.5614666172316737,0.5151349737485276,0.5972391482429097,0.5232862829620109,0.5140031894788647,0.5565881380181906,0.46946833183841524,0.5397636316136961,0.49481373150133656,0.5170680635238085,0.5489592920631343,0.5775087752092017,0.5627430398159433,0.5560872455462804,0.5767957874563928,0.5681874607148197,0.5252287986923478,0.5474370619507749,Male,32
ms_04_0061,1.0,0.47915363541414446,0.5464981314393811,0.5258904148778668,0.5114317815340184,0.47695076740152625,0.503448507180706,0.5324215588841761,0.5241852954456903,0.44139817815862403,0.47508759516177856,0.5500989895466366,0.5327833376223463,0.5358434662343338,0.5173425884109899,0.5713248721964789,0.500891467180706,0.523053983395217,0.5396275363920625,0.49159707014600573,0.5377142233321256,0.48809952762234643,0.5061000426065735,0.5665736794204537,0.5428674319756587,0.5306697166444284,0.5577827151933243,0.5598688376223464,0.5591699568021571,0.47261285692834004,0.5224472411239237,Female,21
ms_04_0062,1.0,0.46562367451846753,0.5368267893010763,0.5178208908228155,0.5156781414025255,0.4814296877068732,0.4848473613300618,0.5502243428518009,0.5089843458228154,0.41386787937353997,0.4527336048807864,0.5674166808952792,0.5247115544460038,0.5364593014025255,0.5119437223445545,0.5645298228518009,0.48543301879382983,0.5035769057503516,0.5317689930691922,0.4990821858228154,0.5278738924170183,0.45992165980832267,0.4945856956778879,0.5732126345909313,0.5299583395909313,0.5292513029242647,0.5544341229242647,0.5588413816199168,0.5632513280691922,0.4531824231416559,0.5084505356054241,Male,16
ms_04_0065,1.0,0.48354375154036555,0.5468467840526807,0.5126212091265724,0.5155157293728778,0.44555665922509463,0.48185622971770536,0.5547012316388877,0.5134238669098237,0.42583584395415863,0.4610692570083458,0.551933734151203,0.5496876687324838,0.5519200295699221,0.5061935115896266,0.5978739966635183,0.49128471873248375,0.5060173505058828,0.5622976558260798,0.48732062410194177,0.5487776252349468,0.463549648289134,0.5113368056290354,0.5792737033630256,0.5465417563186906,0.5458218754812523,0.5680461703088384,0.5823180729196759,0.5648398917866709,0.4691360158753409,0.534134822476326,Male,23
ms_04_0066,1.0,0.5086778190972274,0.5788009734430217,0.5357818286299377,0.5096984206860125,0.4686016100318068,0.5089832527420872,0.5533525311533022,0.5527804698448909,0.4539391353121806,0.4938356628822741,0.5543418969476948,0.572874446433676,0.5477678034430218,0.5372525224617134,0.6162314341906853,0.5166584882561059,0.5474059407327414,0.5750647084897508,0.5088279993308723,0.5734741954056386,0.5057800188635825,0.5232339040037695,0.6008569923215265,0.5622622010598443,0.5648113353589097,0.594087846340218,0.6126499855925546,0.5800298168075078,0.4751467119944237,0.5560575772747975,Male,25
ms_04_0069,1.0,0.4973249833086494,0.559728392941677,0.5509274561526861,0.508101380648099,0.5160437064279155,0.5269006627581907,0.5384137489967228,0.5403157741343375,0.4896604628499338,0.4982977834003925,0.5550007581710348,0.5345374171618604,0.5481915857857137,0.5388917736756219,0.5715382891802091,0.5264606588132366,0.5305924628499339,0.5227214749600255,0.4783429078958054,0.5408519195471815,0.5114260876205761,0.5028589117490164,0.550557936794888,0.5492800173453467,0.5279566392719521,0.5436748811068146,0.5352576734003925,0.5710995797306678,0.5311248310150715,0.5285184418407595,Male,29
ms_04_0075,1.0,0.49150634305236324,0.5693810980096282,0.5397595211720213,0.5420427603173205,0.4806522629668931,0.4996500771549273,0.5692628466421068,0.5396054110010812,0.44351943971902985,0.4804554199754401,0.5779306719412521,0.5659701242489444,0.5617690170694571,0.5273578089497991,0.608490303907064,0.5056500251036453,0.5346221342489444,0.5726373111720213,0.520529430744671,0.5715538040780043,0.4856259840780042,0.5242709932233034,0.609475852795953,0.558840815872876,0.5630202477532179,0.5897106254455257,0.6028814484369786,0.5897850279241581,0.47596015860791874,0.5479942952745854,Female,26
ms_04_0082,1.0,0.47628278826147974,0.5291876139394458,0.516823582075039,0.5075200070750391,0.46790916258351367,0.49294340050724245,0.5212530036428357,0.5067553789394458,0.45251054754114084,0.48127720135470003,0.5290932355072424,0.5170662125411407,0.526330783473344,0.5007515046597848,0.5436457408462254,0.5043943073292764,0.511040261736056,0.5098237774140221,0.4670064430072425,0.5222698733038525,0.47958172038012387,0.4959077690241917,0.5333614050835136,0.5339710165241915,0.5148496766513102,0.517355692117412,0.5247267200411407,0.5388227025411407,0.48869018639707296,0.5132731720326661,Male,17
ms_04_0085,1.0,0.5175879466741616,0.5765427136233142,0.550240635826704,0.5272215512504328,0.4963519314199243,0.5110998859961956,0.5707745643012803,0.5504991015894158,0.4768302283125797,0.5005419835103199,0.565540996787156,0.5696414817024102,0.5566622330583424,0.5344352513634272,0.6060354988210543,0.5252439224368735,0.5472498542447831,0.5604822745837661,0.5134473392165345,0.5750617219283989,0.5123015047532576,0.5211719273521277,0.5992728036233141,0.5596221061656871,0.5558861485950656,0.5750684136798113,0.5883667211939356,0.5756092357137097,0.4957229113069299,0.551331811928399,Male,27
ms_08_0002,1.0,0.5129179723129967,0.5677031956783813,0.5218663362232532,0.5239936173770993,0.47068668212068904,0.5124527779540223,0.5432310900053043,0.5390409316719711,0.46640965660786854,0.513283079620689,0.5511838734668428,0.5508270503258171,0.5481482524412018,0.5307104122488941,0.5893671872488941,0.5325966553258172,0.5415376467681249,0.5422967625373557,0.48447041314633005,0.5553244569283814,0.5086894457424839,0.5253281074412018,0.56728994939633,0.5653862773770992,0.5418416876655608,0.5464309209027403,0.569030956768125,0.5632395564796633,0.5065354929540223,0.5411749844604326,Female,22
ms_08_0003,1.0,0.510688606845048,0.5671798789988941,0.5264657473835095,0.5337067798835096,0.4767637829988941,0.5015919823835094,0.5599638938065864,0.5232817326527404,0.4540346571527402,0.5116044569219711,0.568340858421971,0.5464435188835095,0.5757710641142787,0.5224003281527403,0.5839511961527403,0.5484740392296633,0.5296534016142788,0.5584655324604325,0.4766161864604325,0.5575355289988941,0.5037010896142787,0.5461304230373556,0.5809556615758172,0.574705130421971,0.5839961464219711,0.5476528445373556,0.5743014758450479,0.5808341281912018,0.4869080258835095,0.5428905087681248,Male,22
ms_08_0005,1.0,0.49058634810759943,0.559456201551583,0.5158926706802137,0.5214712378171431,0.46971002897896874,0.48560322935241285,0.5522929572777241,0.517763394331666,0.43881163885448743,0.48189800690428003,0.5589438776096742,0.5417239786055249,0.5480451270702552,0.5167606473607116,0.5871058351615416,0.5158318150370601,0.5212385784395498,0.5450889369457738,0.4861341191034501,0.5477709610536576,0.481122018937475,0.5241950265723299,0.5777614571532427,0.5513299686470187,0.5544709577341556,0.5535823048295913,0.566234073211334,0.5702173384395498,0.4809165698918319,0.5265835292694253,Male,20
ms_08_0008,1.0,0.48933238686189623,0.5518020968350867,0.5300124609637731,0.5175320235374996,0.5013183344490277,0.5197148064865612,0.5387008496769098,0.5178692727600197,0.4707236687653815,0.4967797188726201,0.5604959777466149,0.5236574501058642,0.5416659541273119,0.5317983314463468,0.5638559284704755,0.525772924502647,0.5280572995160518,0.5185016810710117,0.47274951023991235,0.5313102562988937,0.5024019291407167,0.5128054741273119,0.5458976884168562,0.552717957880663,0.5246601764597516,0.5308449331889741,0.5362145444758374,0.5603500089262395,0.5131827426527811,0.5167761843417892,Male,20
ms_08_0009,1.0,0.48507315814567287,0.5521916858143846,0.5323225205996607,0.5162475138818693,0.4983635632376975,0.5085723136364705,0.5493125781456729,0.5259169898634644,0.45329131053831095,0.48010370691867904,0.561471308329722,0.5374862410291085,0.5405596852929122,0.5256666164278815,0.5742836532376975,0.5155213893726668,0.5229675031763478,0.5291923530229735,0.4868104321947527,0.5421980179002742,0.49393580007818827,0.5047794602929122,0.5613920835751207,0.5499081480843233,0.5307952972561024,0.548816646918679,0.5496973844953662,0.5660886209064091,0.5016520288818693,0.5214311861824827,Male,19
ms_08_0010,1.0,0.48100739157278904,0.5513379603147245,0.5205589772824665,0.5157266601856922,0.47227088912117615,0.5024841704760148,0.5488024489276278,0.5145878232824664,0.44269296625020843,0.48310484966956324,0.5616852822502083,0.5400545357663374,0.5504081814437568,0.5148203758308535,0.5843136055082729,0.5090429316050471,0.5231100399598858,0.5417998829598858,0.48587146415343424,0.5472929842179503,0.4826137834437568,0.5148604074760148,0.5750734356695633,0.5512719847663374,0.5440897634760148,0.5553594246695632,0.5636922441534342,0.5769836855082728,0.48047216292762773,0.5231880241534341,Female,21
ms_08_0011,1.0,0.521733335216121,0.5696466686906972,0.5308515784364599,0.523591240597477,0.4724054320805277,0.5110451682245956,0.5583272227161209,0.5295726551313752,0.46735840326696837,0.5136138317415447,0.5653223269110362,0.5545211783517142,0.5745080998771379,0.5356207631398497,0.591590990555104,0.5442188407669685,0.5423280492839175,0.5637816583940871,0.48398629902968027,0.5620519028008667,0.5112644136906972,0.5441069434364599,0.5711160404279854,0.5849033154279853,0.5632639875466295,0.5545256880127312,0.5787383153008667,0.5822657082669684,0.5049519965720533,0.5495970995381548,Female,33
ms_08_0012,1.0,0.4942256265453069,0.5593031885031383,0.5343469089549455,0.5288294233224153,0.48709733416578876,0.5166377534428973,0.5541441515754274,0.5195306881416925,0.4598793192561503,0.49430886509952376,0.5681919105814516,0.5389727940754274,0.5617244350091625,0.5266474442260299,0.5837429336838612,0.5228091030513311,0.525382910611572,0.550403735671813,0.48192105552121045,0.5468194788043431,0.49217003534048764,0.5283992507922949,0.5668437344669937,0.5626678776296443,0.5476784632320539,0.553797760611572,0.558570729105548,0.5728392176898853,0.5062896683826564,0.5290956483826564,Male,34
ms_08_0015,1.0,0.4779160802219489,0.5319738496112618,0.5059435699929412,0.5092312910998115,0.4451847492677504,0.48654565743568934,0.5267609186570634,0.5081043827410328,0.42391579678683433,0.4830365260998114,0.5378220714051549,0.5205083511379794,0.5330659224356893,0.4932339314051549,0.560258510718132,0.4999463320921778,0.5122368216723304,0.5343135438097351,0.48127737987843744,0.5243606033898878,0.46987581213034585,0.5118802031227122,0.5551472307944679,0.5371373498021016,0.5503927452982847,0.5346668649929412,0.560167826405155,0.5489305207562999,0.4582486162906511,0.5208596961761474,Male,24
ms_08_0021,1.0,0.4910644210003857,0.5743954452329438,0.5421745973259672,0.5196056050934089,0.4874695409538741,0.5026411735120137,0.5613023245817811,0.5487427692794555,0.44032489048875784,0.46965948658178114,0.5757278096980601,0.5620689568608509,0.5451667158841066,0.5327410394189904,0.6130697492329438,0.5037787527678276,0.5328912052794554,0.5876233586282927,0.5106444926748043,0.5660858217910834,0.49109967904689733,0.5192993612329438,0.606614002953874,0.5538851463027114,0.566961886209688,0.6088698096980601,0.603338674721316,0.591102341093409,0.46702041560503693,0.5410823243957346,Female,28
ms_08_0023,1.0,0.5002221456727373,0.5609379052181916,0.5149353028318281,0.5246677652750099,0.4478774240250099,0.4834296776613735,0.553421979990919,0.5367808091954644,0.4171494047636463,0.4827498594795554,0.5603081027181918,0.5654826804454645,0.5510073926613736,0.5120404348772827,0.6043234848204645,0.5039525555022827,0.526712344706828,0.5741532155022826,0.5118134801045553,0.5673397326045553,0.47943282874091897,0.5210641118659189,0.6019363008431917,0.5604424934568281,0.5592095512977372,0.5815163929454644,0.6023195026045554,0.5710165194227372,0.451682671240919,0.5447922249909191,Female,25
ms_08_0029,1.0,0.47442538680051827,0.555511532514804,0.5156577601521667,0.5189690030642545,0.4764248614159028,0.4936832678994193,0.5269483985587601,0.5209046320752435,0.4311559104818369,0.4759467787785402,0.5522458496027162,0.5293775578444743,0.5269954343279909,0.5217724693279908,0.5727652359763424,0.5087802307565623,0.5199741929543644,0.5327380186686502,0.4922562163060127,0.5319779852071117,0.4844053021851336,0.506177137404914,0.5707093437785402,0.5440704480642546,0.534989467514804,0.5494909874049139,0.5601951053719469,0.5553178182290898,0.4751174537785402,0.5162552421301886,Male,31
ms_08_0032,1.0,0.5097235183191524,0.5512450076941524,0.5214702858191524,0.5267951987879025,0.47895615222540244,0.5185946869910274,0.5376879990222775,0.5279822857410275,0.47654953730352745,0.5155401794910275,0.5459844483191525,0.5324524451941525,0.5513225933191525,0.5325801647254025,0.5567469120691525,0.5407984919910275,0.5347353326160275,0.5191584033972775,0.46702161488165245,0.5401692920691524,0.5125379017566525,0.5284348679285275,0.5289361277722775,0.5699430886316524,0.5346701295691525,0.5205611169129024,0.5429441842566525,0.5630795537097775,0.5228695165222774,0.5333118958191525,Female,23
ms_08_0036,1.0,0.5082510473966956,0.558428631019884,0.5412849821068406,0.5347298613822029,0.5009649500053912,0.5315252668169854,0.549718044788,0.5337184428314782,0.49328251051263766,0.5148910983387246,0.560443800730029,0.5378099723242319,0.558967673556116,0.5386691544256812,0.5692965655126377,0.5449166313097391,0.5415597840633624,0.5181135043532173,0.47667315254162307,0.5452591692807537,0.5182769078314783,0.5284190259474203,0.5436325787735072,0.5696350614546666,0.5326507559474203,0.5280721210923478,0.5378473284836522,0.5686298510198841,0.5401338673966956,0.5381779659474203,Female,40
ms_08_0037,1.0,0.494848591383118,0.5525863470184771,0.52985505370356,0.5305568908306318,0.4863130061344992,0.5084906096704108,0.5446782634825655,0.529872370941129,0.4599019523223445,0.4945702301123997,0.5653227532063224,0.5375884239245545,0.5484359698361567,0.5269354096151622,0.5791636672947202,0.5225067832615711,0.5275296669632284,0.5429760745322892,0.4882622778472064,0.5439849942560462,0.49645407011239967,0.5202321615488639,0.5630034881786982,0.5564834083996926,0.5467466673499689,0.5503637638693059,0.5621791774052175,0.5655713974604661,0.5026171005543887,0.5384686312173722,Female,31
ms_04_0007,2.0,0.48390103811318513,0.5445678836076907,0.5208949288824161,0.5142028645142842,0.464672633415383,0.4959339545142841,0.5437225014098885,0.5090079286626358,0.4440556562999983,0.47752214322307523,0.5542191077835149,0.5326678072890094,0.5538433105032952,0.5088422978934051,0.5731774536901083,0.5098758846516468,0.5132957216846139,0.543398246794504,0.476635670915383,0.5375832929208776,0.48001049882747093,0.5151651729758226,0.5610231990747238,0.5536964347890094,0.5437118766846138,0.5464350969868117,0.5616121917395589,0.568319039761537,0.48611998028351483,0.5311936206681303,Female,20
ms_04_0021,2.0,0.49205118174255624,0.5606235546291541,0.520477070660082,0.5199800724642057,0.45695260998997883,0.4944120489075046,0.5485695978765769,0.5279448829281232,0.43456202426832935,0.48680900277348405,0.5536079815363707,0.551113197773484,0.5616109959693603,0.5167198662786386,0.5885561145776077,0.5154969735982263,0.5261805033920407,0.5466939146807005,0.4959972920518345,0.5591002444229686,0.4887694598353397,0.5201643558147211,0.5894722557631747,0.5601781786497727,0.546764691587917,0.5557945824642057,0.5807528232374016,0.5716721993198758,0.4656875161755458,0.5427069006085355,Female,26
ms_04_0023,2.0,0.4889787453408113,0.5525707076691695,0.510127829012453,0.5128693303855874,0.4605588986542441,0.4891185103258858,0.5466218160273785,0.5073497194005128,0.43702662366916945,0.4796621995796172,0.5554934344751395,0.5329041025646919,0.5588224079378261,0.5075671382363337,0.5735920806542442,0.5070232483258859,0.5199759734303635,0.5517708549826024,0.48270106489305004,0.5395021409826023,0.47509256390797533,0.5201624419975277,0.5688094964751397,0.5453134237885725,0.5532340606542441,0.5565092012214082,0.5596965129229008,0.5658956764751396,0.4625668398184232,0.523421627131856,Male,30
ms_04_0027,2.0,0.47799281607363014,0.5462842847402968,0.5123888897659379,0.5179840907402968,0.46489336858645064,0.4879676730479891,0.529746446894143,0.5189000048428609,0.43208739997106604,0.4779927221761943,0.5498172350992712,0.5301588934069635,0.5364339635095277,0.5127891273043994,0.5665096528428609,0.5034311467915789,0.5179877833556815,0.535693022945425,0.48878809433004045,0.5336695156120917,0.48051689545824555,0.5032717978172199,0.569970171971066,0.539204903919784,0.5346808297659379,0.5452975934582455,0.5595793070479892,0.5598836945864507,0.4659641735608096,0.5175315630992712,Female,18
ms_04_0035,2.0,0.5004448299350955,0.5626508548166121,0.5351920502194558,0.5259947798403088,0.4985297687976547,0.512058812446944,0.5519564651483657,0.5359493061910198,0.4654091664279865,0.49774684704410027,0.5689608222099771,0.5437119638213516,0.556912910124669,0.5304454696981288,0.574348129603342,0.5285940336791715,0.5328793277076075,0.5322147143900718,0.49344731439007183,0.5521450698877022,0.5056528561910197,0.5248196393663752,0.5701679528734842,0.5592427145796454,0.5455495596981288,0.5484692912621099,0.5543516783711145,0.5769921542952852,0.4947615023521571,0.5312686138213515,Female,20
ms_04_0041,2.0,0.48085719239331964,0.549463272126144,0.5188102486910295,0.5099201295688922,0.4975040902177471,0.5081065463627853,0.5188226086910296,0.5184500374696555,0.45852249613377766,0.4926964130040067,0.5549319624696555,0.5102984347597319,0.5263012403322509,0.5321956758284341,0.5503673868971365,0.5279967006375944,0.5249917647978998,0.5082443279658387,0.46836599479789975,0.5155451470116402,0.5018220712482815,0.5091106903322509,0.5386873562864495,0.5463481625841593,0.5246892111337776,0.5143745772788159,0.5226760032711822,0.5514300158284342,0.5058712153322509,0.5114581895307243,Female,19
ms_04_0042,2.0,0.47914629768328526,0.5521629543144909,0.5185607772222923,0.517743683357044,0.48087423849888805,0.4932988686407321,0.5448748646691008,0.5088433778605902,0.44067164325066116,0.47918665410172506,0.5610444345981788,0.5218282430024341,0.5402285451300937,0.5186581904847036,0.5653172757683916,0.5176979129315122,0.5131879258393136,0.5251839157683916,0.47838611612300147,0.5304613003073987,0.48638324257690224,0.5131586218676824,0.5672507186407321,0.54777086892442,0.5327043500237107,0.5399707119031434,0.5459822802364768,0.5630922185698101,0.47646151931449093,0.5144984898109448,Female,17
ms_04_0045,2.0,0.48807374047941354,0.5404728891287642,0.522937016920972,0.5239395502975954,0.4710602873365564,0.49456200505084214,0.5447899949209721,0.5132669666612318,0.4465118461157772,0.48512715824564734,0.5480480490768161,0.534683297778115,0.5510288310768162,0.5071037442716214,0.5615558051807124,0.5075849939859072,0.5153928061677253,0.5299564667391539,0.49031148697292004,0.5400585434924007,0.48071946286902395,0.5106313390768162,0.5633358207391538,0.5471614668430499,0.5374496596742189,0.5364507369988941,0.5523998827391539,0.5531386042975954,0.47880047081707594,0.5320588606872059,Female,22
ms_04_0070,2.0,0.49754081145087153,0.5633816028633009,0.5297453220158432,0.532210249360476,0.4946354069310974,0.5087228563661258,0.5543501613943743,0.53226554868251,0.4548171904904195,0.4969123764226229,0.5721016906599111,0.5469052499254479,0.5624123788520015,0.5328580779480467,0.5830556569875948,0.5269249586260127,0.5347230570440918,0.5369388155751653,0.5011617667051088,0.552940707722058,0.5022408147842048,0.520147275801154,0.581681966761606,0.5631233734847698,0.538356043202284,0.5493683921288376,0.5642838826373122,0.5711826242192332,0.4926854586825099,0.5382670842757302,Female,22
ms_04_0072,2.0,0.4742079949804186,0.5533134108895095,0.5302691500814287,0.5174903525056711,0.48741084139456003,0.4968386099299135,0.5440204310915298,0.5236870545763782,0.43141550346526714,0.47093795063698435,0.5650511508895095,0.5332240609400146,0.5403047410410247,0.522142558313752,0.5803063402329439,0.5052760693238529,0.5152196918491054,0.5438568166975903,0.4961065847783984,0.537917265434964,0.4851075630612267,0.5124513378087014,0.5885856496773884,0.5445170328087015,0.5498583744753681,0.5631800774551661,0.5733800300814288,0.5750499445258732,0.4651521665460752,0.522052855384459,Female,28
ms_04_0078,2.0,0.49217938291203056,0.5562875403146279,0.516320654340602,0.5199143561587838,0.4663872536479612,0.4933470699250174,0.5546675369380045,0.5087536972843248,0.44600899334493094,0.4829466887561863,0.5595715051198227,0.5333952562886539,0.5590527476739352,0.5154955292756669,0.5757147871111647,0.516180236331944,0.5161266934315111,0.5483038956393033,0.48052719724103476,0.5431874502713379,0.4804545166782642,0.5265471762020738,0.5662377555527232,0.5545271742540219,0.5564845262020738,0.549048305466143,0.5596283350332426,0.5678061528254504,0.478450893518091,0.5248931181068357,Female,16
ms_04_0081,2.0,0.5032999974330953,0.5661863575178412,0.5303658695517395,0.5206374967551293,0.49724949895851905,0.5101774620941124,0.545827630822926,0.5311428281110615,0.4717843538737734,0.5025220303144513,0.5543436466703836,0.5357518848907226,0.5471052784500445,0.5380851092127564,0.5789380953991972,0.5358027813314005,0.5283885742127564,0.5317473595517395,0.46745183751784114,0.5417694024330955,0.5023386458229259,0.525899365822926,0.5508533901449598,0.558379380060214,0.5445596009076716,0.5333817016703836,0.5409001603991971,0.5610123308229259,0.5290386941280106,0.5302540155686887,Male,34
ms_08_0006,2.0,0.4887592207234628,0.5503339103620171,0.5120410400407319,0.5245755323298885,0.46080418891623387,0.5070116564664346,0.525192212048764,0.5286630540969568,0.4384825099604105,0.5061840115266757,0.5434786012857118,0.5388881468278806,0.5354004367877199,0.5144106995989648,0.566218766305792,0.5111939222495673,0.5287847030527801,0.5331388382335029,0.4895254001612137,0.5438216722897279,0.4903543561049888,0.5118135414463544,0.5573463918479609,0.5544368659443464,0.5433302798800894,0.5434702245788846,0.5626927120086034,0.5473290675106114,0.4827461727716555,0.5335509387555913,Male,31
ms_08_0007,2.0,0.487587560298068,0.559127235267765,0.5163648301768559,0.5178165825404922,0.45426435072231036,0.4868999801768559,0.5396204712677649,0.5256841272677649,0.41590403696473455,0.48035384811624976,0.5627575109647347,0.5495600514495831,0.5317963172071589,0.516616958298068,0.5888420290253407,0.5052789809647347,0.5221311262980679,0.5612944755707953,0.4993886866617043,0.5487509815101892,0.47814741254049214,0.5162566457526134,0.5871579108435225,0.5544453129647346,0.5522275659344316,0.5646389875101891,0.5896654278738256,0.5645579472071589,0.46189427132837096,0.5320340504798862,Male,32
ms_08_0016,2.0,0.49314780768903493,0.5656781719143871,0.5312184664214293,0.5242760814214293,0.48036637994255615,0.504785925858049,0.538355735717204,0.5396709142383308,0.44597143782988,0.4880855729003025,0.5629954150129787,0.5518129907876266,0.5518018404355138,0.5343294747312884,0.5892147081115702,0.5180836325481899,0.5290970588157955,0.5491826729003025,0.49172154480171104,0.5589300467031194,0.4961580002946687,0.5207291183228379,0.5765213785341055,0.5574386070552322,0.550128845858049,0.563978642689035,0.5733223430411477,0.5737230595200209,0.49139610409748563,0.5408487873369223,Male,22
ms_08_0017,2.0,0.48261469604381624,0.5548224139803242,0.5223931244300596,0.5169949736099538,0.48055786022371044,0.5025078574988426,0.5491970193771496,0.52552278490625,0.4328994095094246,0.4749544652501653,0.5664756319432871,0.540095300752811,0.5481048524194776,0.5203679833718585,0.5856014254882607,0.5087079975782077,0.516967440805721,0.5457424647739749,0.49137157487979505,0.543942647763393,0.48209215001207023,0.5149401133189485,0.5783339202501654,0.5507703606999009,0.5489830701178903,0.5642206034512236,0.5669496594300596,0.5741811689538692,0.4729585228163029,0.5256823266787368,Female,26
ms_08_0022,2.0,0.4880092759743564,0.5444812587591665,0.5184133536325842,0.5076129086325842,0.4481583436325843,0.49237635856929307,0.5301141315439766,0.530960847619926,0.44005433743005257,0.4780751300882804,0.5443280423667615,0.5472427585692932,0.523896530341445,0.5099973970503058,0.5817303911642299,0.4977345650249893,0.5314381083794196,0.5611317078097994,0.49604527667055887,0.5471687126199261,0.48256623097435647,0.5063789673667614,0.5636857533161286,0.5507356066072678,0.5369621707211918,0.5621514058477741,0.5813262372401792,0.5589803921768881,0.4796083724933438,0.5317523855313183,Male,35
ms_08_0024,2.0,0.4861287994914034,0.545592370805272,0.5142962427030823,0.521376009345418,0.456731151316221,0.4822501141629363,0.5576151670096516,0.5046691114622063,0.4234979998563669,0.4615568620461479,0.5621017124111115,0.5386593934330093,0.558658960294323,0.5075913581045421,0.5851936638709654,0.5004995740169509,0.5048079035060019,0.5631443235789947,0.4892597637249801,0.5412739881775348,0.4628675237249801,0.5230990868636661,0.5733223914622063,0.549959360075345,0.5590727962067319,0.5652462658417684,0.5767397370826443,0.5736160265716953,0.47016151766658587,0.5235085202213304,Female,35
ms_08_0027,2.0,0.48996683997379986,0.5504147131148255,0.5318274538840563,0.5236256599096973,0.49514115869174863,0.5083044642045691,0.5468842591404666,0.5254767201661076,0.45914049362764603,0.48852306401226137,0.5642704673455948,0.5335507688840563,0.5485005008071333,0.5245527067045691,0.5688513531789281,0.5181621805507229,0.5278792061917486,0.5257094398455948,0.48603231510200506,0.5383285263840563,0.49508018811482546,0.5149725183712358,0.5583290747173897,0.5516931594609794,0.5330024113840562,0.5367366113199538,0.5454607656148255,0.5685801083071332,0.5069789238840563,0.5256254021532871,Female,23
